pathway_id	description	pval
path:hsa04151	PI3K-Akt signaling pathway - Homo sapiens (human)	5.302915524444749e-8
path:hsa00052	Galactose metabolism - Homo sapiens (human)	6.136109784600184e-8
path:hsa05225	Hepatocellular carcinoma - Homo sapiens (human)	6.582774543776885e-8
path:hsa05230	Central carbon metabolism in cancer - Homo sapiens (human)	8.37768221369254e-8
path:hsa04974	Protein digestion and absorption - Homo sapiens (human)	1.8230409926586e-7
path:hsa05166	Human T-cell leukemia virus 1 infection - Homo sapiens (human)	3.278707884779762e-7
path:hsa05222	Small cell lung cancer - Homo sapiens (human)	3.6901037944162063e-7
path:hsa05216	Thyroid cancer - Homo sapiens (human)	4.586134903330437e-7
path:hsa00480	Glutathione metabolism - Homo sapiens (human)	6.331255341818304e-7
path:hsa04512	ECM-receptor interaction - Homo sapiens (human)	1.0702661948576108e-6
path:hsa00524	Neomycin, kanamycin and gentamicin biosynthesis - Homo sapiens (human)	1.117775968070831e-6
path:hsa04210	Apoptosis - Homo sapiens (human)	1.2672049314934582e-6
path:hsa04122	Sulfur relay system - Homo sapiens (human)	1.2699430188957046e-6
path:hsa05215	Prostate cancer - Homo sapiens (human)	1.7179152794087099e-6
path:hsa05206	MicroRNAs in cancer - Homo sapiens (human)	3.497328452387541e-6
path:hsa05226	Gastric cancer - Homo sapiens (human)	3.675324516540599e-6
path:hsa05165	Human papillomavirus infection - Homo sapiens (human)	3.6831976770439996e-6
path:hsa04350	TGF-beta signaling pathway - Homo sapiens (human)	3.9078085537422364e-6
path:hsa05418	Fluid shear stress and atherosclerosis - Homo sapiens (human)	4.377646741122496e-6
path:hsa04060	Cytokine-cytokine receptor interaction - Homo sapiens (human)	4.481270783595185e-6
path:hsa05202	Transcriptional misregulation in cancer - Homo sapiens (human)	5.213597024052523e-6
path:hsa05415	Diabetic cardiomyopathy - Homo sapiens (human)	7.059819977056682e-6
path:hsa04926	Relaxin signaling pathway - Homo sapiens (human)	7.622822456167962e-6
path:hsa05205	Proteoglycans in cancer - Homo sapiens (human)	8.452679456071487e-6
path:hsa00520	Amino sugar and nucleotide sugar metabolism - Homo sapiens (human)	1.0412311534640776e-5
path:hsa05203	Viral carcinogenesis - Homo sapiens (human)	1.097885804888418e-5
path:hsa03450	Non-homologous end-joining - Homo sapiens (human)	1.2183497244551103e-5
path:hsa00670	One carbon pool by folate - Homo sapiens (human)	1.3122652259517249e-5
path:hsa04962	Vasopressin-regulated water reabsorption - Homo sapiens (human)	1.3791798767924626e-5
path:hsa00450	Selenocompound metabolism - Homo sapiens (human)	1.5125601454668163e-5
path:hsa05217	Basal cell carcinoma - Homo sapiens (human)	1.6472180296014156e-5
path:hsa00630	Glyoxylate and dicarboxylate metabolism - Homo sapiens (human)	1.713879946152858e-5
path:hsa01523	Antifolate resistance - Homo sapiens (human)	1.7760360311359002e-5
path:hsa04670	Leukocyte transendothelial migration - Homo sapiens (human)	1.8319992023124188e-5
path:hsa04950	Maturity onset diabetes of the young - Homo sapiens (human)	2.287966085584611e-5
path:hsa04640	Hematopoietic cell lineage - Homo sapiens (human)	2.305517026773361e-5
path:hsa04510	Focal adhesion - Homo sapiens (human)	2.313842553050664e-5
path:hsa05210	Colorectal cancer - Homo sapiens (human)	2.333029478968697e-5
path:hsa00100	Steroid biosynthesis - Homo sapiens (human)	2.4762164378779947e-5
path:hsa05200	Pathways in cancer - Homo sapiens (human)	2.664848298702099e-5
path:hsa05167	Kaposi sarcoma-associated herpesvirus infection - Homo sapiens (human)	2.7224239027304245e-5
path:hsa04710	Circadian rhythm - Homo sapiens (human)	2.7554650341762347e-5
path:hsa00380	Tryptophan metabolism - Homo sapiens (human)	2.8178777582912217e-5
path:hsa03010	Ribosome - Homo sapiens (human)	2.825289232320188e-5
path:hsa05169	Epstein-Barr virus infection - Homo sapiens (human)	2.8468796830416624e-5
path:hsa03410	Base excision repair - Homo sapiens (human)	3.069894885778253e-5
path:hsa04140	Autophagy - animal - Homo sapiens (human)	4.0617137420834275e-5
path:hsa05224	Breast cancer - Homo sapiens (human)	4.375504680857645e-5
path:hsa00270	Cysteine and methionine metabolism - Homo sapiens (human)	4.4044555194919925e-5
path:hsa04742	Taste transduction - Homo sapiens (human)	5.377728184371934e-5
path:hsa05168	Herpes simplex virus 1 infection - Homo sapiens (human)	5.415384161996967e-5
path:hsa01250	Biosynthesis of nucleotide sugars - Homo sapiens (human)	5.558002386580029e-5
path:hsa04932	Non-alcoholic fatty liver disease - Homo sapiens (human)	5.6890587680682946e-5
path:hsa05146	Amoebiasis - Homo sapiens (human)	6.232748130369212e-5
path:hsa05120	Epithelial cell signaling in Helicobacter pylori infection - Homo sapiens (human)	7.367463117744813e-5
path:hsa01210	2-Oxocarboxylic acid metabolism - Homo sapiens (human)	7.736453158820823e-5
path:hsa01200	Carbon metabolism - Homo sapiens (human)	7.746350444953221e-5
path:hsa04721	Synaptic vesicle cycle - Homo sapiens (human)	8.176250077808405e-5
path:hsa00920	Sulfur metabolism - Homo sapiens (human)	9.970495221521624e-5
path:hsa05218	Melanoma - Homo sapiens (human)	1.2125865145908012e-4
path:hsa00010	Glycolysis / Gluconeogenesis - Homo sapiens (human)	1.3549431210583028e-4
path:hsa00280	Valine, leucine and isoleucine degradation - Homo sapiens (human)	1.3616320676103393e-4
path:hsa04672	Intestinal immune network for IgA production - Homo sapiens (human)	1.604250327670401e-4
path:hsa04061	Viral protein interaction with cytokine and cytokine receptor - Homo sapiens (human)	2.2353476414744425e-4
path:hsa05010	Alzheimer disease - Homo sapiens (human)	2.456381178262963e-4
path:hsa00830	Retinol metabolism - Homo sapiens (human)	2.5626845160893794e-4
path:hsa04933	AGE-RAGE signaling pathway in diabetic complications - Homo sapiens (human)	2.76459699941673e-4
path:hsa04218	Cellular senescence - Homo sapiens (human)	3.5255523003447037e-4
path:hsa05321	Inflammatory bowel disease - Homo sapiens (human)	3.982143266812326e-4
path:hsa05170	Human immunodeficiency virus 1 infection - Homo sapiens (human)	4.051700303078229e-4
path:hsa05416	Viral myocarditis - Homo sapiens (human)	4.1016569062096226e-4
path:hsa00515	Mannose type O-glycan biosynthesis - Homo sapiens (human)	4.406223709737293e-4
path:hsa05161	Hepatitis B - Homo sapiens (human)	4.47848830148861e-4
path:hsa04110	Cell cycle - Homo sapiens (human)	5.209449911024837e-4
path:hsa05340	Primary immunodeficiency - Homo sapiens (human)	5.341532271585576e-4
path:hsa05163	Human cytomegalovirus infection - Homo sapiens (human)	5.686574411106098e-4
path:hsa04917	Prolactin signaling pathway - Homo sapiens (human)	6.122696181947287e-4
path:hsa03030	DNA replication - Homo sapiens (human)	6.280407312711654e-4
path:hsa04390	Hippo signaling pathway - Homo sapiens (human)	6.377995132748489e-4
path:hsa04961	Endocrine and other factor-regulated calcium reabsorption - Homo sapiens (human)	6.43305553144769e-4
path:hsa03008	Ribosome biogenesis in eukaryotes - Homo sapiens (human)	7.037942000667404e-4
path:hsa04115	p53 signaling pathway - Homo sapiens (human)	8.41871353135624e-4
path:hsa04911	Insulin secretion - Homo sapiens (human)	9.470636604363443e-4
path:hsa00860	Porphyrin and chlorophyll metabolism - Homo sapiens (human)	9.948211958464854e-4
path:hsa05016	Huntington disease - Homo sapiens (human)	0.001090530779489159
path:hsa04977	Vitamin digestion and absorption - Homo sapiens (human)	0.0011240685454987486
path:hsa04310	Wnt signaling pathway - Homo sapiens (human)	0.001127493888551291
path:hsa03018	RNA degradation - Homo sapiens (human)	0.0012204348999589935
path:hsa04929	GnRH secretion - Homo sapiens (human)	0.0012940668314824998
path:hsa04623	Cytosolic DNA-sensing pathway - Homo sapiens (human)	0.0013006448487713278
path:hsa00230	Purine metabolism - Homo sapiens (human)	0.0014441847253099443
path:hsa04137	Mitophagy - animal - Homo sapiens (human)	0.0016955612551833366
path:hsa04610	Complement and coagulation cascades - Homo sapiens (human)	0.0018260639843189759
path:hsa05160	Hepatitis C - Homo sapiens (human)	0.0019444857582727475
path:hsa05145	Toxoplasmosis - Homo sapiens (human)	0.0020449538745398645
path:hsa04924	Renin secretion - Homo sapiens (human)	0.002139376787766185
path:hsa05330	Allograft rejection - Homo sapiens (human)	0.00214498677466503
path:hsa03440	Homologous recombination - Homo sapiens (human)	0.0023281184874423965
path:hsa05320	Autoimmune thyroid disease - Homo sapiens (human)	0.002517320816559719
path:hsa04392	Hippo signaling pathway - multiple species - Homo sapiens (human)	0.0025585567551927994
path:hsa01240	Biosynthesis of cofactors - Homo sapiens (human)	0.0026783428354655065
path:hsa01100	Metabolic pathways - Homo sapiens (human)	0.0027447212207431185
path:hsa05214	Glioma - Homo sapiens (human)	0.0029083395143934356
path:hsa05322	Systemic lupus erythematosus - Homo sapiens (human)	0.002971263904467287
path:hsa04070	Phosphatidylinositol signaling system - Homo sapiens (human)	0.003379256601100171
path:hsa04934	Cushing syndrome - Homo sapiens (human)	0.003393890441391265
path:hsa04136	Autophagy - other - Homo sapiens (human)	0.003438886935549336
path:hsa04612	Antigen processing and presentation - Homo sapiens (human)	0.003452544091228258
path:hsa05208	Chemical carcinogenesis - reactive oxygen species - Homo sapiens (human)	0.003910017470311393
path:hsa04730	Long-term depression - Homo sapiens (human)	0.003935501290247944
path:hsa04916	Melanogenesis - Homo sapiens (human)	0.004099710228286517
path:hsa00562	Inositol phosphate metabolism - Homo sapiens (human)	0.004450635327878473
path:hsa04966	Collecting duct acid secretion - Homo sapiens (human)	0.004493513155997431
path:hsa03040	Spliceosome - Homo sapiens (human)	0.004779925470887067
path:hsa04978	Mineral absorption - Homo sapiens (human)	0.004828058856630715
path:hsa04930	Type II diabetes mellitus - Homo sapiens (human)	0.004916346308217826
path:hsa05020	Prion disease - Homo sapiens (human)	0.0050727214446202856
path:hsa03430	Mismatch repair - Homo sapiens (human)	0.00510648952742864
path:hsa01230	Biosynthesis of amino acids - Homo sapiens (human)	0.005463680738549435
path:hsa00500	Starch and sucrose metabolism - Homo sapiens (human)	0.0054801258130052705
path:hsa04960	Aldosterone-regulated sodium reabsorption - Homo sapiens (human)	0.005779874591398835
path:hsa00592	alpha-Linolenic acid metabolism - Homo sapiens (human)	0.006242289863402841
path:hsa00601	Glycosphingolipid biosynthesis - lacto and neolacto series - Homo sapiens (human)	0.006259658367487114
path:hsa00564	Glycerophospholipid metabolism - Homo sapiens (human)	0.006929657792177606
path:hsa05332	Graft-versus-host disease - Homo sapiens (human)	0.007478342360820722
path:hsa04740	Olfactory transduction - Homo sapiens (human)	0.00821647480066924
path:hsa04940	Type I diabetes mellitus - Homo sapiens (human)	0.008251386682260083
path:hsa04144	Endocytosis - Homo sapiens (human)	0.008554860235209835
path:hsa05171	Coronavirus disease - COVID-19 - Homo sapiens (human)	0.008784576019992657
path:hsa05014	Amyotrophic lateral sclerosis - Homo sapiens (human)	0.008874338216366642
path:hsa03420	Nucleotide excision repair - Homo sapiens (human)	0.009129031576736838
path:hsa04520	Adherens junction - Homo sapiens (human)	0.009184279862378844
path:hsa00040	Pentose and glucuronate interconversions - Homo sapiens (human)	0.009762000956712523
path:hsa04072	Phospholipase D signaling pathway - Homo sapiens (human)	0.010247494242396566
path:hsa00650	Butanoate metabolism - Homo sapiens (human)	0.01067751796584873
path:hsa03050	Proteasome - Homo sapiens (human)	0.011666848235978081
path:hsa00310	Lysine degradation - Homo sapiens (human)	0.011916813886626547
path:hsa05140	Leishmaniasis - Homo sapiens (human)	0.01227132615815609
path:hsa00983	Drug metabolism - other enzymes - Homo sapiens (human)	0.012440885054305274
path:hsa00030	Pentose phosphate pathway - Homo sapiens (human)	0.013449295783361277
path:hsa00062	Fatty acid elongation - Homo sapiens (human)	0.013673032800323698
path:hsa05310	Asthma - Homo sapiens (human)	0.013770708193269473
path:hsa05213	Endometrial cancer - Homo sapiens (human)	0.014223153232645822
path:hsa03060	Protein export - Homo sapiens (human)	0.01598335047150356
path:hsa04724	Glutamatergic synapse - Homo sapiens (human)	0.016214129279416484
path:hsa04621	NOD-like receptor signaling pathway - Homo sapiens (human)	0.016666375363949295
path:hsa04720	Long-term potentiation - Homo sapiens (human)	0.017239549573854224
path:hsa05144	Malaria - Homo sapiens (human)	0.018292539267857455
path:hsa01522	Endocrine resistance - Homo sapiens (human)	0.02028101576758153
path:hsa04727	GABAergic synapse - Homo sapiens (human)	0.02039773050481547
path:hsa00514	Other types of O-glycan biosynthesis - Homo sapiens (human)	0.020997182153847063
path:hsa05150	Staphylococcus aureus infection - Homo sapiens (human)	0.021224890769336268
path:hsa04664	Fc epsilon RI signaling pathway - Homo sapiens (human)	0.021814675991256454
path:hsa00591	Linoleic acid metabolism - Homo sapiens (human)	0.022275975539552868
path:hsa04217	Necroptosis - Homo sapiens (human)	0.022282684542419138
path:hsa00900	Terpenoid backbone biosynthesis - Homo sapiens (human)	0.023039286263972326
path:hsa04150	mTOR signaling pathway - Homo sapiens (human)	0.023725300548634025
path:hsa04550	Signaling pathways regulating pluripotency of stem cells - Homo sapiens (human)	0.02417125503673663
path:hsa04130	SNARE interactions in vesicular transport - Homo sapiens (human)	0.024921738474398693
path:hsa00290	Valine, leucine and isoleucine biosynthesis - Homo sapiens (human)	0.02495934812200148
path:hsa04012	ErbB signaling pathway - Homo sapiens (human)	0.025170187824678565
path:hsa03020	RNA polymerase - Homo sapiens (human)	0.02690664606568788
path:hsa05212	Pancreatic cancer - Homo sapiens (human)	0.02775070870281005
path:hsa05032	Morphine addiction - Homo sapiens (human)	0.02980304721996867
path:hsa05164	Influenza A - Homo sapiens (human)	0.03165132596556412
path:hsa00020	Citrate cycle (TCA cycle) - Homo sapiens (human)	0.032443741077781266
path:hsa00590	Arachidonic acid metabolism - Homo sapiens (human)	0.03263544381151391
path:hsa05110	Vibrio cholerae infection - Homo sapiens (human)	0.03341471281813882
path:hsa05132	Salmonella infection - Homo sapiens (human)	0.034836773054282025
path:hsa04215	Apoptosis - multiple species - Homo sapiens (human)	0.035282940454571095
path:hsa04970	Salivary secretion - Homo sapiens (human)	0.036855727396801034
path:hsa05220	Chronic myeloid leukemia - Homo sapiens (human)	0.03919891491983836
path:hsa00340	Histidine metabolism - Homo sapiens (human)	0.03985646692078338
path:hsa00561	Glycerolipid metabolism - Homo sapiens (human)	0.04010724934558242
path:hsa04260	Cardiac muscle contraction - Homo sapiens (human)	0.04194508268250514
path:hsa04658	Th1 and Th2 cell differentiation - Homo sapiens (human)	0.04355168734236469
path:hsa04810	Regulation of actin cytoskeleton - Homo sapiens (human)	0.044356524989229
path:hsa05017	Spinocerebellar ataxia - Homo sapiens (human)	0.04488778422921565
path:hsa04062	Chemokine signaling pathway - Homo sapiens (human)	0.04522749848040588
path:hsa05323	Rheumatoid arthritis - Homo sapiens (human)	0.04667236988892055
path:hsa05162	Measles - Homo sapiens (human)	0.04752860840392151
path:hsa04141	Protein processing in endoplasmic reticulum - Homo sapiens (human)	0.04841412141044807
path:hsa05221	Acute myeloid leukemia - Homo sapiens (human)	0.04862247468938453
path:hsa04920	Adipocytokine signaling pathway - Homo sapiens (human)	0.04885329555538164
path:hsa00470	D-Amino acid metabolism - Homo sapiens (human)	0.05260977711567668
path:hsa03015	mRNA surveillance pathway - Homo sapiens (human)	0.05320476024720513
path:hsa00061	Fatty acid biosynthesis - Homo sapiens (human)	0.054511953506383264
path:hsa01521	EGFR tyrosine kinase inhibitor resistance - Homo sapiens (human)	0.05532869583702271
path:hsa04064	NF-kappa B signaling pathway - Homo sapiens (human)	0.05696222610370668
path:hsa04971	Gastric acid secretion - Homo sapiens (human)	0.057822363328266346
path:hsa00440	Phosphonate and phosphinate metabolism - Homo sapiens (human)	0.05870547063908202
path:hsa00240	Pyrimidine metabolism - Homo sapiens (human)	0.06142681044612616
path:hsa00532	Glycosaminoglycan biosynthesis - chondroitin sulfate / dermatan sulfate - Homo sapiens (human)	0.06178061350264021
path:hsa04918	Thyroid hormone synthesis - Homo sapiens (human)	0.06422231620332243
path:hsa00790	Folate biosynthesis - Homo sapiens (human)	0.06441978840507985
path:hsa04261	Adrenergic signaling in cardiomyocytes - Homo sapiens (human)	0.0694439642129003
path:hsa05022	Pathways of neurodegeneration - multiple diseases - Homo sapiens (human)	0.07089542893233239
path:hsa01524	Platinum drug resistance - Homo sapiens (human)	0.07159173126288787
path:hsa04935	Growth hormone synthesis, secretion and action - Homo sapiens (human)	0.072401146753439
path:hsa00970	Aminoacyl-tRNA biosynthesis - Homo sapiens (human)	0.07764334840579094
path:hsa00190	Oxidative phosphorylation - Homo sapiens (human)	0.07930801744873472
path:hsa04668	TNF signaling pathway - Homo sapiens (human)	0.08152147559332137
path:hsa05131	Shigellosis - Homo sapiens (human)	0.08548868945871914
path:hsa04659	Th17 cell differentiation - Homo sapiens (human)	0.086591718553214
path:hsa00740	Riboflavin metabolism - Homo sapiens (human)	0.087188838839179
path:hsa04370	VEGF signaling pathway - Homo sapiens (human)	0.08782351014028113
path:hsa05143	African trypanosomiasis - Homo sapiens (human)	0.08898466531043939
path:hsa00760	Nicotinate and nicotinamide metabolism - Homo sapiens (human)	0.0900172435103673
path:hsa04530	Tight junction - Homo sapiens (human)	0.0901015972157217
path:hsa05417	Lipid and atherosclerosis - Homo sapiens (human)	0.09469429635775514
path:hsa00620	Pyruvate metabolism - Homo sapiens (human)	0.0949329146877363
path:hsa03013	Nucleocytoplasmic transport - Homo sapiens (human)	0.09616909822560063
path:hsa04340	Hedgehog signaling pathway - Homo sapiens (human)	0.09634283523821412
path:hsa04152	AMPK signaling pathway - Homo sapiens (human)	0.09739832609931567
path:hsa04915	Estrogen signaling pathway - Homo sapiens (human)	0.10082059802925158
path:hsa00534	Glycosaminoglycan biosynthesis - heparan sulfate / heparin - Homo sapiens (human)	0.10126163507629589
path:hsa00400	Phenylalanine, tyrosine and tryptophan biosynthesis - Homo sapiens (human)	0.10199141803391477
path:hsa00730	Thiamine metabolism - Homo sapiens (human)	0.10276880076172919
path:hsa04964	Proximal tubule bicarbonate reclamation - Homo sapiens (human)	0.1038034992412597
path:hsa05034	Alcoholism - Homo sapiens (human)	0.10822789632503409
path:hsa05142	Chagas disease - Homo sapiens (human)	0.1082293252174858
path:hsa00350	Tyrosine metabolism - Homo sapiens (human)	0.11566182707467573
path:hsa04936	Alcoholic liver disease - Homo sapiens (human)	0.1170481240349665
path:hsa04015	Rap1 signaling pathway - Homo sapiens (human)	0.11985509916109066
path:hsa04714	Thermogenesis - Homo sapiens (human)	0.12009716364490688
path:hsa00053	Ascorbate and aldarate metabolism - Homo sapiens (human)	0.12294258606272551
path:hsa05133	Pertussis - Homo sapiens (human)	0.12423221574130539
path:hsa05207	Chemical carcinogenesis - receptor activation - Homo sapiens (human)	0.13118266143815155
path:hsa04913	Ovarian steroidogenesis - Homo sapiens (human)	0.13775616218563497
path:hsa04976	Bile secretion - Homo sapiens (human)	0.1392549605189633
path:hsa05134	Legionellosis - Homo sapiens (human)	0.14081323005755855
path:hsa04925	Aldosterone synthesis and secretion - Homo sapiens (human)	0.14096875301675038
path:hsa04145	Phagosome - Homo sapiens (human)	0.1415101049273232
path:hsa05152	Tuberculosis - Homo sapiens (human)	0.14389349885363115
path:hsa04726	Serotonergic synapse - Homo sapiens (human)	0.1535729352154515
path:hsa05012	Parkinson disease - Homo sapiens (human)	0.1559735371383283
path:hsa04611	Platelet activation - Homo sapiens (human)	0.16215913236592008
path:hsa04923	Regulation of lipolysis in adipocytes - Homo sapiens (human)	0.16377814975791463
path:hsa04921	Oxytocin signaling pathway - Homo sapiens (human)	0.16415457638549835
path:hsa00260	Glycine, serine and threonine metabolism - Homo sapiens (human)	0.1665841415518614
path:hsa04919	Thyroid hormone signaling pathway - Homo sapiens (human)	0.16926921849834248
path:hsa04975	Fat digestion and absorption - Homo sapiens (human)	0.17696948154104758
path:hsa01212	Fatty acid metabolism - Homo sapiens (human)	0.17881247501431233
path:hsa01040	Biosynthesis of unsaturated fatty acids - Homo sapiens (human)	0.17935757539755892
path:hsa00410	beta-Alanine metabolism - Homo sapiens (human)	0.18257195008062943
path:hsa00640	Propanoate metabolism - Homo sapiens (human)	0.18360689137303893
path:hsa00512	Mucin type O-glycan biosynthesis - Homo sapiens (human)	0.18963074297625754
path:hsa00250	Alanine, aspartate and glutamate metabolism - Homo sapiens (human)	0.20247389007410543
path:hsa04750	Inflammatory mediator regulation of TRP channels - Homo sapiens (human)	0.20656904848474794
path:hsa05223	Non-small cell lung cancer - Homo sapiens (human)	0.21022185092062504
path:hsa04972	Pancreatic secretion - Homo sapiens (human)	0.21447113191625453
path:hsa04979	Cholesterol metabolism - Homo sapiens (human)	0.21800585438305997
path:hsa04666	Fc gamma R-mediated phagocytosis - Homo sapiens (human)	0.2189983995188577
path:hsa04514	Cell adhesion molecules - Homo sapiens (human)	0.22872785647462712
path:hsa04660	T cell receptor signaling pathway - Homo sapiens (human)	0.23682968841441926
path:hsa04725	Cholinergic synapse - Homo sapiens (human)	0.24095148473724926
path:hsa04360	Axon guidance - Homo sapiens (human)	0.2428532179990808
path:hsa00051	Fructose and mannose metabolism - Homo sapiens (human)	0.24326082922868847
path:hsa00565	Ether lipid metabolism - Homo sapiens (human)	0.24341450198144254
path:hsa04928	Parathyroid hormone synthesis, secretion and action - Homo sapiens (human)	0.24379641844255612
path:hsa05410	Hypertrophic cardiomyopathy - Homo sapiens (human)	0.25916384308763213
path:hsa05219	Bladder cancer - Homo sapiens (human)	0.2673667505707421
path:hsa04910	Insulin signaling pathway - Homo sapiens (human)	0.26944204750768597
path:hsa00513	Various types of N-glycan biosynthesis - Homo sapiens (human)	0.2723153258986301
path:hsa00785	Lipoic acid metabolism - Homo sapiens (human)	0.28243805629082475
path:hsa04213	Longevity regulating pathway - multiple species - Homo sapiens (human)	0.282502198886517
path:hsa00120	Primary bile acid biosynthesis - Homo sapiens (human)	0.2835118598116858
path:hsa04066	HIF-1 signaling pathway - Homo sapiens (human)	0.28685491411400876
path:hsa04912	GnRH signaling pathway - Homo sapiens (human)	0.3021078073773692
path:hsa03460	Fanconi anemia pathway - Homo sapiens (human)	0.3031257769522635
path:hsa04014	Ras signaling pathway - Homo sapiens (human)	0.30513183916810616
path:hsa00130	Ubiquinone and other terpenoid-quinone biosynthesis - Homo sapiens (human)	0.32137310824107324
path:hsa04380	Osteoclast differentiation - Homo sapiens (human)	0.32249650257074547
path:hsa04114	Oocyte meiosis - Homo sapiens (human)	0.32543288031805195
path:hsa00604	Glycosphingolipid biosynthesis - ganglio series - Homo sapiens (human)	0.3275280319252313
path:hsa04080	Neuroactive ligand-receptor interaction - Homo sapiens (human)	0.34587086557995983
path:hsa04020	Calcium signaling pathway - Homo sapiens (human)	0.3579381211305336
path:hsa04713	Circadian entrainment - Homo sapiens (human)	0.3607584979292262
path:hsa04613	Neutrophil extracellular trap formation - Homo sapiens (human)	0.3748556272297846
path:hsa05100	Bacterial invasion of epithelial cells - Homo sapiens (human)	0.3848080892315311
path:hsa04622	RIG-I-like receptor signaling pathway - Homo sapiens (human)	0.3970618343311022
path:hsa04120	Ubiquitin mediated proteolysis - Homo sapiens (human)	0.4021771501206133
path:hsa04330	Notch signaling pathway - Homo sapiens (human)	0.40610259113111513
path:hsa04657	IL-17 signaling pathway - Homo sapiens (human)	0.4092214334225138
path:hsa00910	Nitrogen metabolism - Homo sapiens (human)	0.4106316162963276
path:hsa05204	Chemical carcinogenesis - DNA adducts - Homo sapiens (human)	0.4140252345492197
path:hsa04216	Ferroptosis - Homo sapiens (human)	0.4177310188412905
path:hsa00982	Drug metabolism - cytochrome P450 - Homo sapiens (human)	0.4263053458448687
path:hsa05235	PD-L1 expression and PD-1 checkpoint pathway in cancer - Homo sapiens (human)	0.42990928162046294
path:hsa04071	Sphingolipid signaling pathway - Homo sapiens (human)	0.44764181167574213
path:hsa00600	Sphingolipid metabolism - Homo sapiens (human)	0.45572571753062663
path:hsa05030	Cocaine addiction - Homo sapiens (human)	0.4621277696031546
path:hsa04728	Dopaminergic synapse - Homo sapiens (human)	0.4651870046494936
path:hsa00603	Glycosphingolipid biosynthesis - globo and isoglobo series - Homo sapiens (human)	0.4869823061823946
path:hsa04142	Lysosome - Homo sapiens (human)	0.49187375260994404
path:hsa00360	Phenylalanine metabolism - Homo sapiens (human)	0.49912436285104367
path:hsa04922	Glucagon signaling pathway - Homo sapiens (human)	0.5123136120511469
path:hsa04625	C-type lectin receptor signaling pathway - Homo sapiens (human)	0.5312038969508159
path:hsa05135	Yersinia infection - Homo sapiens (human)	0.5325122665946408
path:hsa00430	Taurine and hypotaurine metabolism - Homo sapiens (human)	0.5480789491162735
path:hsa00533	Glycosaminoglycan biosynthesis - keratan sulfate - Homo sapiens (human)	0.5587056494390893
path:hsa03022	Basal transcription factors - Homo sapiens (human)	0.5619674998157491
path:hsa00140	Steroid hormone biosynthesis - Homo sapiens (human)	0.565457545309649
path:hsa04022	cGMP-PKG signaling pathway - Homo sapiens (human)	0.5659034770676605
path:hsa04146	Peroxisome - Homo sapiens (human)	0.5667780365726163
path:hsa00563	Glycosylphosphatidylinositol (GPI)-anchor biosynthesis - Homo sapiens (human)	0.5670353908463334
path:hsa03320	PPAR signaling pathway - Homo sapiens (human)	0.5727718606246892
path:hsa04650	Natural killer cell mediated cytotoxicity - Homo sapiens (human)	0.5766596326031693
path:hsa05211	Renal cell carcinoma - Homo sapiens (human)	0.5960154220700815
path:hsa00780	Biotin metabolism - Homo sapiens (human)	0.6015144680313219
path:hsa00510	N-Glycan biosynthesis - Homo sapiens (human)	0.6067504129422185
path:hsa00220	Arginine biosynthesis - Homo sapiens (human)	0.6095070635288093
path:hsa04744	Phototransduction - Homo sapiens (human)	0.6098937732129631
path:hsa00980	Metabolism of xenobiotics by cytochrome P450 - Homo sapiens (human)	0.6109140008786422
path:hsa04211	Longevity regulating pathway - Homo sapiens (human)	0.6166891685145126
path:hsa04010	MAPK signaling pathway - Homo sapiens (human)	0.6555105928874458
path:hsa05031	Amphetamine addiction - Homo sapiens (human)	0.6572034567071761
path:hsa04614	Renin-angiotensin system - Homo sapiens (human)	0.6709316762756123
path:hsa00511	Other glycan degradation - Homo sapiens (human)	0.6774289129856959
path:hsa04723	Retrograde endocannabinoid signaling - Homo sapiens (human)	0.6793996585384874
path:hsa04914	Progesterone-mediated oocyte maturation - Homo sapiens (human)	0.6862369017557923
path:hsa04662	B cell receptor signaling pathway - Homo sapiens (human)	0.687871557206809
path:hsa00770	Pantothenate and CoA biosynthesis - Homo sapiens (human)	0.6890315952144084
path:hsa04540	Gap junction - Homo sapiens (human)	0.6955027167962717
path:hsa04630	JAK-STAT signaling pathway - Homo sapiens (human)	0.6996261033992244
path:hsa05231	Choline metabolism in cancer - Homo sapiens (human)	0.7105967069406827
path:hsa04270	Vascular smooth muscle contraction - Homo sapiens (human)	0.7206305675811556
path:hsa00330	Arginine and proline metabolism - Homo sapiens (human)	0.7748810494942954
path:hsa04024	cAMP signaling pathway - Homo sapiens (human)	0.7806783318898479
path:hsa00071	Fatty acid degradation - Homo sapiens (human)	0.7825424792995903
path:hsa04722	Neurotrophin signaling pathway - Homo sapiens (human)	0.8006048402918183
path:hsa05033	Nicotine addiction - Homo sapiens (human)	0.8107482845305676
path:hsa00750	Vitamin B6 metabolism - Homo sapiens (human)	0.8371570480752362
path:hsa04931	Insulin resistance - Homo sapiens (human)	0.8475013754042955
path:hsa04927	Cortisol synthesis and secretion - Homo sapiens (human)	0.8821765633438571
path:hsa04371	Apelin signaling pathway - Homo sapiens (human)	0.9012861069872489
path:hsa00232	Caffeine metabolism - Homo sapiens (human)	0.9193143629306916
path:hsa05130	Pathogenic Escherichia coli infection - Homo sapiens (human)	0.9258718334573182
path:hsa04620	Toll-like receptor signaling pathway - Homo sapiens (human)	0.9270437335975886
path:hsa04973	Carbohydrate digestion and absorption - Homo sapiens (human)	0.9435920708176262
path:hsa02010	ABC transporters - Homo sapiens (human)	0.9523192914475764
path:hsa05412	Arrhythmogenic right ventricular cardiomyopathy - Homo sapiens (human)	0.9611485352004668
path:hsa05414	Dilated cardiomyopathy - Homo sapiens (human)	0.9712860474898224
path:hsa04068	FoxO signaling pathway - Homo sapiens (human)	0.9751624855032566
path:hsa00531	Glycosaminoglycan degradation - Homo sapiens (human)	0.9977080417418515
