Pair Compared	DIFF	LWR	UPR	P.adj
Medulloblastoma, group 4-High-grade glioma/astrocytoma (WHO grade III/IV)	-25.230008865248195	-36.40541271181123	-14.054605018685157	0
Medulloblastoma, group 4-High-grade glioma/astrocytoma, H3 wildtype	-23.259175531914913	-33.46805859401928	-13.050292469810543	0
Medulloblastoma, SHH-activated-High-grade glioma/astrocytoma (WHO grade III/IV)	-26.194365942028988	-39.19211032579945	-13.196621558258528	2.043906155435593e-10
Medulloblastoma, SHH-activated-High-grade glioma/astrocytoma, H3 wildtype	-24.223532608695706	-36.400272784448084	-12.046792432943327	3.9496150794349205e-10
Medulloblastoma-High-grade glioma/astrocytoma (WHO grade III/IV)	-24.48124999999999	-38.37026265059932	-10.592237349400653	7.638799526255013e-8
Medulloblastoma-High-grade glioma/astrocytoma, H3 wildtype	-22.510416666666707	-35.634300034422374	-9.386533298911038	2.145220380223023e-7
Medulloblastoma, group 3-High-grade glioma/astrocytoma (WHO grade III/IV)	-27.665037878787885	-43.88391040469431	-11.446165352881458	2.630906652534293e-7
Low-grade glioma/astrocytoma, wildtype-High-grade glioma/astrocytoma (WHO grade III/IV)	-18.547542517006782	-29.645584691607784	-7.449500342405781	5.479347819914437e-7
Medulloblastoma, group 3-High-grade glioma/astrocytoma, H3 wildtype	-25.694204545454603	-41.26287398935853	-10.125535101550673	8.490625450496836e-7
Low-grade glioma/astrocytoma, wildtype-High-grade glioma/astrocytoma, H3 wildtype	-16.5767091836735	-26.700847781656446	-6.452570585690555	1.1136846927994881e-6
Medulloblastoma, group 4-High-grade glioma/astrocytoma, H3 G35-mutant	-43.03042553191429	-69.55595414793439	-16.504896915894193	1.5221651269436975e-6
Medulloblastoma, SHH-activated-High-grade glioma/astrocytoma, H3 G35-mutant	-43.99478260869508	-71.33807019982724	-16.651495017562926	1.997611766557661e-6
Medulloblastoma, group 3-High-grade glioma/astrocytoma, H3 G35-mutant	-45.46545454545398	-74.47865573451837	-16.452253356389587	4.663172972096952e-6
Medulloblastoma-High-grade glioma/astrocytoma, H3 G35-mutant	-42.281666666666084	-70.05969196786475	-14.503641365467413	1.1326715333770387e-5
Low-grade glioma/astrocytoma, KIAA1549-BRAF-High-grade glioma/astrocytoma (WHO grade III/IV)	-15.314775641025633	-25.401991070299257	-5.22756021175201	1.2218381792661326e-5
Low-grade glioma/astrocytoma, KIAA1549-BRAF-High-grade glioma/astrocytoma, H3 wildtype	-13.343942307692352	-22.348583186623692	-4.339301428761011	2.4594473238992443e-5
Low-grade glioma/astrocytoma, BRAF V600E-High-grade glioma/astrocytoma (WHO grade III/IV)	-17.331145833333316	-29.359383622235782	-5.3029080444308505	5.3194017216928735e-5
Medulloblastoma, WNT-activated-High-grade glioma/astrocytoma, H3 G35-mutant	-41.98888888888829	-71.6848470483807	-12.292930729395877	8.728290273007921e-5
Medulloblastoma, WNT-activated-High-grade glioma/astrocytoma (WHO grade III/IV)	-24.188472222222195	-41.59927099151474	-6.777673452929648	1.363951580590772e-4
Low-grade glioma/astrocytoma, BRAF V600E-High-grade glioma/astrocytoma, H3 wildtype	-15.360312500000035	-26.496296809809692	-4.224328190190379	1.6291244238253455e-4
Low-grade glioma/astrocytoma, wildtype-High-grade glioma/astrocytoma, H3 G35-mutant	-36.34795918367288	-62.84098765032327	-9.854930717022487	1.8566384680429593e-4
Medulloblastoma, group 4-Low-grade glioma/astrocytoma, FGFR	-24.693282674771957	-42.739556075133336	-6.647009274410575	1.9805417255946978e-4
Medulloblastoma, SHH-activated-Low-grade glioma/astrocytoma, FGFR	-25.65763975155275	-44.885736162083134	-6.429543341022367	3.5822827004095004e-4
Medulloblastoma, group 4-Low-grade glioma/astrocytoma, MYB/MYBL1	-35.2004255319152	-61.7259541479353	-8.674896915895104	4.0642446472649585e-4
Medulloblastoma, SHH-activated-Low-grade glioma/astrocytoma, MYB/MYBL1	-36.164782608695994	-63.508070199828154	-8.821495017563837	4.3835374970457863e-4
Medulloblastoma, WNT-activated-High-grade glioma/astrocytoma, H3 wildtype	-22.217638888888914	-39.02441002515255	-5.410867752625279	4.434321917239359e-4
Low-grade glioma/astrocytoma, BRAF V600E-High-grade glioma/astrocytoma, H3 G35-mutant	-35.13156249999941	-62.02751984551709	-8.235605154481732	5.792397118753456e-4
Medulloblastoma, group 3-Low-grade glioma/astrocytoma, MYB/MYBL1	-37.63545454545489	-66.64865573451928	-8.622253356390498	6.740292393542235e-4
Low-grade glioma/astrocytoma, KIAA1549-BRAF-High-grade glioma/astrocytoma, H3 G35-mutant	-33.11519230769173	-59.20093424350987	-7.029450371873587	0.0010663627961384758
Medulloblastoma, group 4-Low-grade glioma/astrocytoma, KIAA1549-BRAF	-9.915233224222561	-17.744326670204416	-2.0861397782407067	0.0011202235117740988
Medulloblastoma, group 3-Low-grade glioma/astrocytoma, FGFR	-27.128311688311648	-48.665028209601914	-5.5915951670213815	0.0012519140123068428
Medulloblastoma-Low-grade glioma/astrocytoma, MYB/MYBL1	-34.451666666666995	-62.22969196786566	-6.673641365468324	0.0017100723262259976
Medulloblastoma-Low-grade glioma/astrocytoma, FGFR	-23.94452380952375	-43.785970453237084	-4.103077165810415	0.0028924856947390998
Low-grade glioma/astrocytoma, other MAPK-High-grade glioma/astrocytoma, H3 G35-mutant	-33.35999999999943	-61.69925422496554	-5.020745775033323	0.004543353460835675
Medulloblastoma, WNT-activated-Low-grade glioma/astrocytoma, MYB/MYBL1	-34.1588888888892	-63.854847048381615	-4.462930729396788	0.006764024910404953
Low-grade glioma/astrocytoma, BRAF V600E, CDKN2A/B-High-grade glioma/astrocytoma, H3 G35-mutant	-38.39499999999938	-72.41599402502825	-4.374005974970501	0.00925160457685048
Low-grade glioma/astrocytoma, RTK-High-grade glioma/astrocytoma, H3 G35-mutant	-33.59874999999943	-63.7551380687718	-3.4423619312270546	0.011341032779680349
Low-grade glioma/astrocytoma (WHO grade I/II)-High-grade glioma/astrocytoma, H3 G35-mutant	-33.30124999999941	-63.457638068771786	-3.144861931227041	0.013010598040253507
Low-grade glioma/astrocytoma, IDH-High-grade glioma/astrocytoma, H3 G35-mutant	-36.87249999999936	-70.89349402502825	-2.851505974970486	0.017209032615219333
Low-grade glioma/astrocytoma, wildtype-Low-grade glioma/astrocytoma, MYB/MYBL1	-28.51795918367379	-55.01098765032418	-2.0249307170233983	0.019001809273977988
Medulloblastoma, SHH-activated-Low-grade glioma/astrocytoma, KIAA1549-BRAF	-10.879590301003352	-21.143430328886517	-0.6157502731201898	0.023611405054351886
Medulloblastoma, WNT-activated-Low-grade glioma/astrocytoma, FGFR	-23.651746031745958	-46.09978038425918	-1.203711679232736	0.02565096462299199
Low-grade glioma/astrocytoma, other MAPK-High-grade glioma/astrocytoma (WHO grade III/IV)	-15.559583333333332	-30.539547044962752	-0.5796196217039125	0.031057754850513875
Low-grade glioma/astrocytoma, MYB/MYBL1-Low-grade glioma/astrocytoma, BRAF V600E	27.301562500000323	0.4056051544826431	54.197519845518	0.04167309005448594
Low-grade glioma/astrocytoma, wildtype-Low-grade glioma/astrocytoma, FGFR	-18.010816326530545	-36.0092849451669	-0.012347707894196702	0.04959215160522701
Low-grade glioma/astrocytoma, MYB/MYBL1-Low-grade glioma/astrocytoma, KIAA1549-BRAF	25.28519230769264	-0.800549628125502	51.37093424351078	0.07143228697696613
Low-grade glioma/astrocytoma, other MAPK-High-grade glioma/astrocytoma, H3 wildtype	-13.58875000000005	-27.862185292307217	0.6846852923071172	0.0865808055077334
Low-grade glioma/astrocytoma, RTK, CDKN2A/B-High-grade glioma/astrocytoma, H3 G35-mutant	-37.27999999999939	-77.94286537670837	3.3828653767095886	0.12561505671535322
Low-grade glioma/astrocytoma, FGFR-Low-grade glioma/astrocytoma, BRAF V600E	16.79441964285708	-1.7920495434406796	35.38088882915484	0.14342254185241
Low-grade glioma/astrocytoma, other MAPK-Low-grade glioma/astrocytoma, MYB/MYBL1	-25.53000000000034	-53.86925422496645	2.8092542249657697	0.14730336617555806
Low-grade glioma/astrocytoma, MYB/MYBL1-Low-grade glioma/astrocytoma, BRAF V600E, CDKN2A/B	30.56500000000029	-3.4559940250285877	64.58599402502917	0.15088363985032593
Medulloblastoma, group 3-Low-grade glioma/astrocytoma, KIAA1549-BRAF	-12.35026223776225	-26.4731825824977	1.7726581069731981	0.18928031600296358
Medulloblastoma, group 3-High-grade glioma/astrocytoma, IDH-mutant	-29.80545454545468	-64.04665147789265	4.435742386983286	0.19637814479794957
Low-grade glioma/astrocytoma, RTK-High-grade glioma/astrocytoma (WHO grade III/IV)	-15.798333333333332	-33.9833195617821	2.3866528951154393	0.19942807697232268
Medulloblastoma, SHH-activated-High-grade glioma/astrocytoma, IDH-mutant	-28.334782608695782	-61.17300881566733	4.503443598275766	0.21027190815336128
Low-grade glioma/astrocytoma, BRAF V600E, CDKN2A/B-High-grade glioma/astrocytoma (WHO grade III/IV)	-20.594583333333283	-44.65105891113822	3.4618922444716524	0.22320810676734948
Low-grade glioma/astrocytoma, RTK-Low-grade glioma/astrocytoma, MYB/MYBL1	-25.768750000000338	-55.92513806877271	4.387638068772034	0.22632297663583212
Low-grade glioma/astrocytoma, MYB/MYBL1-Low-grade glioma/astrocytoma, IDH	29.042500000000274	-4.978494025028603	63.06349402502915	0.22798068113683978
Low-grade glioma/astrocytoma (WHO grade I/II)-High-grade glioma/astrocytoma (WHO grade III/IV)	-15.500833333333318	-33.68581956178209	2.684152895115453	0.23049653427375594
Medulloblastoma, group 4-High-grade glioma/astrocytoma, IDH-mutant	-27.37042553191499	-59.53091981431327	4.790068750483293	0.2331778400527441
Low-grade glioma/astrocytoma, KIAA1549-BRAF-Low-grade glioma/astrocytoma, FGFR	-14.778049450549396	-32.17144611777316	2.615347216674369	0.23604538831255528
Low-grade glioma/astrocytoma, MYB/MYBL1-Low-grade glioma/astrocytoma (WHO grade I/II)	25.471250000000325	-4.685138068772048	55.6276380687727	0.24630784738198475
Low-grade glioma/astrocytoma, NF1-somatic-High-grade glioma/astrocytoma, H3 G35-mutant	-43.06999999999942	-94.50490831167986	8.364908311681013	0.26174551079081176
Medulloblastoma-Low-grade glioma/astrocytoma, KIAA1549-BRAF	-9.166474358974357	-20.537917779255203	2.204969061306487	0.3347627791346547
Medulloblastoma-High-grade glioma/astrocytoma, IDH-mutant	-26.621666666666783	-59.82275721747408	6.57942388414051	0.3455016135815523
Low-grade glioma/astrocytoma, IDH-High-grade glioma/astrocytoma (WHO grade III/IV)	-19.072083333333268	-43.1285589111382	4.9843922444716675	0.36879174140874815
Low-grade glioma/astrocytoma, BRAF V600E, CDKN2A/B-High-grade glioma/astrocytoma, H3 wildtype	-18.62375	-42.24674006196021	4.999240061960204	0.38048814613497317
Low-grade glioma/astrocytoma, RTK-High-grade glioma/astrocytoma, H3 wildtype	-13.82750000000005	-31.43503720344838	3.7800372034482805	0.38865395613173026
Medulloblastoma, group 4-Low-grade glioma/astrocytoma, BRAF V600E	-7.898863031914878	-18.107746094019248	2.3100200301894915	0.42027998661638766
Low-grade glioma/astrocytoma (WHO grade I/II)-High-grade glioma/astrocytoma, H3 wildtype	-13.530000000000037	-31.137537203448368	4.077537203448294	0.43506425690564676
Medulloblastoma, WNT-activated-High-grade glioma/astrocytoma, IDH-mutant	-26.32888888888899	-61.150486427474085	8.492708649696105	0.47002596366834837
High-grade glioma/astrocytoma, H3 wildtype-High-grade glioma/astrocytoma, H3 G35-mutant	-19.771249999999377	-46.667207345517056	7.124707345518303	0.5311281121112428
Medulloblastoma, group 4-Low-grade glioma/astrocytoma, wildtype	-6.682466348241412	-15.776933302305446	2.4120006058226213	0.5320600402806623
Low-grade glioma/astrocytoma, other MAPK-Low-grade glioma/astrocytoma, FGFR	-15.022857142857095	-35.64269335240418	5.59697906668999	0.5503435476588936
Medulloblastoma, SHH-activated-Low-grade glioma/astrocytoma, BRAF V600E	-8.86322010869567	-21.03996028444805	3.313520067056709	0.5523503623678625
Low-grade glioma/astrocytoma, RTK, CDKN2A/B-Low-grade glioma/astrocytoma, MYB/MYBL1	-29.450000000000305	-70.11286537670928	11.212865376708674	0.5630396596625544
Low-grade glioma/astrocytoma, IDH-High-grade glioma/astrocytoma, H3 wildtype	-17.101249999999986	-40.72424006196019	6.5217400619602195	0.5639928655449231
Low-grade glioma/astrocytoma, FGFR-Low-grade glioma/astrocytoma, BRAF V600E, CDKN2A/B	20.057857142857046	-7.861533067753573	47.97724735346766	0.580174724242018
Medulloblastoma, group 4-Low-grade glioma/astrocytoma, other MAPK	-9.670425531914862	-23.232951176907186	3.8921001130774613	0.5960003481327143
Medulloblastoma, SHH-activated-Low-grade glioma/astrocytoma, other MAPK	-10.634782608695653	-25.73424649994474	4.464681282553434	0.6214079031340717
Low-grade glioma/astrocytoma, H3-High-grade glioma/astrocytoma, H3 G35-mutant	-35.68999999999939	-87.12490831167982	15.744908311681044	0.6514574596433442
Low-grade glioma/astrocytoma, NF1-germline-High-grade glioma/astrocytoma, H3 G35-mutant	-35.26999999999935	-86.70490831167979	16.16490831168108	0.6745888178534523
Low-grade glioma/astrocytoma, NF1-somatic-Low-grade glioma/astrocytoma, MYB/MYBL1	-35.24000000000033	-86.67490831168075	16.194908311680102	0.6762249833255967
Medulloblastoma, SHH-activated-Low-grade glioma/astrocytoma, wildtype	-7.646823425022204	-18.905643838841023	3.611996988796614	0.6927853609077741
Medulloblastoma, group 3-Low-grade glioma/astrocytoma, other MAPK	-12.10545454545455	-30.052718313196443	5.84180922228734	0.7056239352776491
Low-grade glioma/astrocytoma, IDH-Low-grade glioma/astrocytoma, FGFR	-18.53535714285703	-46.45474735346765	9.384033067753588	0.7340022989642409
Medulloblastoma, group 3-Low-grade glioma/astrocytoma, BRAF V600E	-10.333892045454567	-25.902561489358497	5.2347773984493635	0.734333448061179
Low-grade glioma/astrocytoma, RTK-Low-grade glioma/astrocytoma, FGFR	-15.261607142857095	-38.315284867586534	7.792070581872345	0.7389295788029988
High-grade glioma/astrocytoma, H3 G35-mutant-High-grade glioma/astrocytoma (WHO grade III/IV)	17.800416666666095	-9.477062676007062	45.077896009339256	0.763020265850155
Low-grade glioma/astrocytoma, other MAPK, IDH-High-grade glioma/astrocytoma, H3 G35-mutant	-33.43999999999933	-84.87490831167976	17.9949083116811	0.7690529709738088
Low-grade glioma/astrocytoma, FGFR-Low-grade glioma/astrocytoma (WHO grade I/II)	14.964107142857081	-8.089570581872358	38.01778486758652	0.7716266553165794
Low-grade glioma/astrocytoma, wildtype-High-grade glioma/astrocytoma, IDH-mutant	-20.687959183673577	-52.82165304951507	11.445734682167917	0.7844675427293901
Medulloblastoma, group 3-Low-grade glioma/astrocytoma, NF1-somatic, FGFR	-29.845454545454785	-76.37007963532105	16.679170544411477	0.7899679308628161
Medulloblastoma, SHH-activated-Low-grade glioma/astrocytoma, NF1-somatic, FGFR	-28.374782608695888	-73.87676358542753	17.12719836803575	0.8301671555467436
Medulloblastoma, group 3-Low-grade glioma/astrocytoma, wildtype	-9.117495361781101	-23.97924169444299	5.74425097088079	0.8508522214028945
Medulloblastoma, group 4-Low-grade glioma/astrocytoma, NF1-somatic, FGFR	-27.410425531915095	-72.42574031338461	17.60488924955441	0.8597135632501098
Low-grade glioma/astrocytoma, BRAF V600E-High-grade glioma/astrocytoma, IDH-mutant	-19.47156250000011	-51.938256906126185	12.995131906125962	0.8765250361566509
Low-grade glioma/astrocytoma, FGFR-High-grade glioma/astrocytoma, H3 G35-mutant	-18.337142857142332	-49.07537982344825	12.401094109163587	0.8820530544614622
Low-grade glioma/astrocytoma, RTK, CDKN2A/B-High-grade glioma/astrocytoma (WHO grade III/IV)	-19.4795833333333	-52.26303347847258	13.303866811805978	0.8860667580430841
Low-grade glioma/astrocytoma, BRAF V600E, CDKN2A/B-High-grade glioma/astrocytoma, IDH-mutant	-22.735000000000078	-61.311181233760394	15.841181233760238	0.8939926375320718
Medulloblastoma, group 3-Low-grade glioma/astrocytoma (WHO grade I/II)	-12.164204545454565	-32.86199882590962	8.533589735000495	0.8966106779409577
Medulloblastoma, SHH-activated-Low-grade glioma/astrocytoma (WHO grade I/II)	-10.693532608695667	-28.977083170068376	7.590017952677043	0.9010142224119653
Medulloblastoma-Low-grade glioma/astrocytoma, NF1-somatic, FGFR	-26.66166666666689	-72.42621174415586	19.10287841082208	0.9044799847698389
Medulloblastoma, WNT-activated-Low-grade glioma/astrocytoma, KIAA1549-BRAF	-8.873696581196562	-24.350807643566664	6.603414481173541	0.9176591844292352
Medulloblastoma, group 3-Low-grade glioma/astrocytoma, RTK	-11.866704545454551	-32.56449882590961	8.831089735000509	0.9176746012582342
Medulloblastoma, group 4-Low-grade glioma/astrocytoma (WHO grade I/II)	-9.729175531914876	-26.765504749155653	7.3071536853259005	0.9206843804785335
Medulloblastoma, SHH-activated-Low-grade glioma/astrocytoma, RTK	-10.396032608695654	-28.679583170068362	7.887517952677056	0.9239219201863874
Medulloblastoma-Low-grade glioma/astrocytoma, other MAPK	-8.921666666666658	-24.79482398163733	6.951490648304011	0.9320104481389555
Medulloblastoma, WNT-activated-Low-grade glioma/astrocytoma, NF1-somatic, FGFR	-26.368888888889096	-73.32232143141798	20.58454365363979	0.9325597626830643
Low-grade glioma/astrocytoma, NF1-somatic-High-grade glioma/astrocytoma (WHO grade III/IV)	-25.269583333333323	-70.73204890445525	20.19288223778861	0.9391333482740607
Medulloblastoma, group 4-Low-grade glioma/astrocytoma, RTK	-9.431675531914863	-26.46800474915564	7.604653685325914	0.941532169293014
Low-grade glioma/astrocytoma, IDH-High-grade glioma/astrocytoma, IDH-mutant	-21.212500000000063	-59.78868123376038	17.363681233760254	0.9454274217939737
Low-grade glioma/astrocytoma, KIAA1549-BRAF-High-grade glioma/astrocytoma, IDH-mutant	-17.45519230769243	-49.25392901956469	14.34354440417983	0.9463962646886772
Medulloblastoma-Low-grade glioma/astrocytoma, BRAF V600E	-7.150104166666674	-20.273987534422343	5.973779201088995	0.9504100370338364
Low-grade glioma/astrocytoma, MYB/MYBL1-Low-grade glioma/astrocytoma, H3	27.860000000000294	-23.574908311680137	79.29490831168073	0.9533435057529969
Low-grade glioma/astrocytoma, RTK, CDKN2A/B-High-grade glioma/astrocytoma, H3 wildtype	-17.508750000000017	-49.97544440612609	14.957944406126057	0.9554598186326528
Low-grade glioma/astrocytoma, NF1-germline-Low-grade glioma/astrocytoma, MYB/MYBL1	-27.44000000000026	-78.87490831168068	23.99490831168017	0.9603296822732108
Low-grade glioma/astrocytoma, RTK, CDKN2A/B-Low-grade glioma/astrocytoma, FGFR	-18.94285714285706	-54.65746110154106	16.77174681582694	0.9627618677721438
Low-grade glioma/astrocytoma, other MAPK-High-grade glioma/astrocytoma, IDH-mutant	-17.700000000000127	-51.37205152876996	15.972051528769708	0.9662651944616489
Low-grade glioma/astrocytoma, NF1-somatic-Low-grade glioma/astrocytoma, FGFR	-24.732857142857085	-72.35232908776909	22.886614802054922	0.9705125242910521
Low-grade glioma/astrocytoma, NF1-somatic-High-grade glioma/astrocytoma, H3 wildtype	-23.29875000000004	-68.5333321031586	21.935832103158518	0.9731900079789333
Low-grade glioma/astrocytoma, RTK-High-grade glioma/astrocytoma, IDH-mutant	-17.938750000000127	-53.15382440689679	17.276324406896535	0.9764081235780648
Low-grade glioma/astrocytoma, NF1-somatic-High-grade glioma/astrocytoma, IDH-mutant	-27.410000000000117	-81.96495868534643	27.144958685346197	0.9799504455872482
Low-grade glioma/astrocytoma (WHO grade I/II)-High-grade glioma/astrocytoma, IDH-mutant	-17.641250000000113	-52.856324406896775	17.57382440689655	0.9806410758909974
Low-grade glioma/astrocytoma, other MAPK, IDH-Low-grade glioma/astrocytoma, MYB/MYBL1	-25.610000000000237	-77.04490831168067	25.824908311680193	0.9820107410372829
Low-grade glioma/astrocytoma, RTK, CDKN2A/B-High-grade glioma/astrocytoma, IDH-mutant	-21.620000000000093	-66.16393723923872	22.92393723923853	0.9868608064616455
Medulloblastoma-Low-grade glioma/astrocytoma, wildtype	-5.933707482993208	-18.210692066077737	6.343277100091321	0.987539595828324
Medulloblastoma-Low-grade glioma/astrocytoma (WHO grade I/II)	-8.980416666666672	-27.907950432927507	9.947117099594164	0.9901599854888844
Low-grade glioma/astrocytoma, wildtype-Low-grade glioma/astrocytoma, NF1-somatic, FGFR	-20.727959183673683	-65.72413073026456	24.26821236291719	0.9933305494156318
Medulloblastoma-Low-grade glioma/astrocytoma, RTK	-8.682916666666658	-27.610450432927493	10.244617099594178	0.9936941252916263
Low-grade glioma/astrocytoma, NF1-somatic, FGFR-Low-grade glioma/astrocytoma, BRAF V600E, CDKN2A/B	22.775000000000183	-27.02663582621075	72.57663582621112	0.9939548361315669
Medulloblastoma, WNT-activated-Low-grade glioma/astrocytoma, other MAPK	-8.628888888888863	-27.660135945298418	10.402358167520692	0.9946212816471096
Low-grade glioma/astrocytoma, MYB/MYBL1-High-grade glioma/astrocytoma, H3 wildtype	11.941250000000288	-14.954707345517392	38.83720734551797	0.9959793571187012
Low-grade glioma/astrocytoma, NF1-somatic, FGFR-Low-grade glioma/astrocytoma, NF1-somatic	27.450000000000223	-35.544640165227	90.44464016522744	0.9969153519770966
Low-grade glioma/astrocytoma, NF1-somatic, FGFR-Low-grade glioma/astrocytoma, BRAF V600E	19.511562500000217	-25.723019603158342	64.74614460315877	0.9973354054169634
Low-grade glioma/astrocytoma, NF1-somatic, FGFR-Low-grade glioma/astrocytoma, IDH	21.25250000000017	-28.549135826210765	71.05413582621111	0.9977202548693662
Low-grade glioma/astrocytoma, wildtype-Low-grade glioma/astrocytoma, KIAA1549-BRAF	-3.2327668759811488	-10.951030486493726	4.485496734531429	0.998270060715221
Medulloblastoma, WNT-activated-Low-grade glioma/astrocytoma, BRAF V600E	-6.857326388888879	-23.664097525152513	9.949444747374756	0.9988357866108577
Medulloblastoma, WNT-activated-Low-grade glioma/astrocytoma (WHO grade I/II)	-8.687638888888877	-30.33210182630626	12.956824048528507	0.9990956503433838
Low-grade glioma/astrocytoma, RTK, CDKN2A/B-Low-grade glioma/astrocytoma, NF1-somatic, FGFR	-21.6600000000002	-76.21495868534652	32.89495868534611	0.9992370535304356
Low-grade glioma/astrocytoma, H3-High-grade glioma/astrocytoma (WHO grade III/IV)	-17.889583333333288	-63.352048904455216	27.572882237788644	0.9993371072763311
Low-grade glioma/astrocytoma, NF1-somatic, FGFR-Low-grade glioma/astrocytoma, KIAA1549-BRAF	17.495192307692534	-27.26238614397962	62.25277075936469	0.9994035918750281
Medulloblastoma, WNT-activated-Low-grade glioma/astrocytoma, RTK	-8.390138888888863	-30.034601826306247	13.25432404852852	0.999478055330284
High-grade glioma/astrocytoma, IDH-mutant-High-grade glioma/astrocytoma, H3 G35-mutant	-15.6599999999993	-56.32286537670828	25.00286537670968	0.99952988201095
Low-grade glioma/astrocytoma, other MAPK-Low-grade glioma/astrocytoma, NF1-somatic, FGFR	-17.740000000000233	-63.847355449459116	28.367355449458646	0.999536982897087
Low-grade glioma/astrocytoma, NF1-germline-High-grade glioma/astrocytoma (WHO grade III/IV)	-17.469583333333254	-62.932048904455186	27.992882237788677	0.9995464049942764
Low-grade glioma/astrocytoma, RTK-Low-grade glioma/astrocytoma, NF1-somatic, FGFR	-17.978750000000232	-65.22473012392064	29.26723012392018	0.9996126667202143
Low-grade glioma/astrocytoma, NF1-somatic, FGFR-Low-grade glioma/astrocytoma (WHO grade I/II)	17.68125000000022	-29.564730123920192	64.92723012392062	0.9997052361237415
Low-grade glioma/astrocytoma, H3-High-grade glioma/astrocytoma, IDH-mutant	-20.030000000000083	-74.5849586853464	34.524958685346235	0.9997853698297152
Low-grade glioma/astrocytoma, MYB/MYBL1-High-grade glioma/astrocytoma (WHO grade III/IV)	9.970416666667006	-17.30706267600615	37.24789600934017	0.9998008214118616
Low-grade glioma/astrocytoma, H3-Low-grade glioma/astrocytoma, FGFR	-17.35285714285705	-64.97232908776905	30.266614802054956	0.9998107519256596
Low-grade glioma/astrocytoma, NF1-germline-High-grade glioma/astrocytoma, IDH-mutant	-19.61000000000005	-74.16495868534636	34.944958685346265	0.9998498178992077
Low-grade glioma/astrocytoma, NF1-germline-Low-grade glioma/astrocytoma, FGFR	-16.932857142857017	-64.55232908776902	30.68661480205499	0.9998751045530083
Low-grade glioma/astrocytoma, H3-High-grade glioma/astrocytoma, H3 wildtype	-15.918750000000006	-61.15333210315856	29.315832103158552	0.9998954920754032
Medulloblastoma, WNT-activated-Low-grade glioma/astrocytoma, wildtype	-5.640929705215413	-21.795049669781285	10.51319025935046	0.99990860903949
Low-grade glioma/astrocytoma, other MAPK, IDH-High-grade glioma/astrocytoma (WHO grade III/IV)	-15.639583333333231	-61.10204890445516	29.8228822377887	0.9999295599849567
Low-grade glioma/astrocytoma, NF1-germline-High-grade glioma/astrocytoma, H3 wildtype	-15.498749999999973	-60.73333210315853	29.735832103158586	0.9999343508143533
Low-grade glioma/astrocytoma, MYB/MYBL1-Low-grade glioma/astrocytoma, FGFR	10.507142857143243	-20.231094109162676	41.24537982344916	0.9999370035743327
Medulloblastoma, group 3-Low-grade glioma/astrocytoma, IDH	-8.592954545454615	-34.60101062761292	17.415101536703695	0.9999655631269251
Low-grade glioma/astrocytoma, other MAPK, IDH-High-grade glioma/astrocytoma, IDH-mutant	-17.780000000000026	-72.33495868534634	36.77495868534629	0.9999730806892027
Low-grade glioma/astrocytoma, NF1-somatic, FGFR-Low-grade glioma/astrocytoma, H3	20.07000000000019	-42.92464016522703	83.06464016522742	0.9999821897227936
Low-grade glioma/astrocytoma, other MAPK, IDH-Low-grade glioma/astrocytoma, FGFR	-15.102857142856994	-62.722329087769	32.51661480205502	0.9999836112729856
Low-grade glioma/astrocytoma, NF1-somatic, FGFR-Low-grade glioma/astrocytoma, NF1-germline	19.650000000000155	-43.34464016522707	82.64464016522737	0.9999879381973269
Low-grade glioma/astrocytoma, NF1-somatic, FGFR-High-grade glioma/astrocytoma, H3 G35-mutant	-15.619999999999195	-67.05490831167963	35.814908311681236	0.9999926842958209
Low-grade glioma/astrocytoma, other MAPK, IDH-High-grade glioma/astrocytoma, H3 wildtype	-13.66874999999995	-58.903332103158505	31.56583210315861	0.9999933391862692
Medulloblastoma, SHH-activated-Low-grade glioma/astrocytoma, IDH	-7.122282608695718	-31.253352088246885	17.008786870855452	0.9999957343196153
Low-grade glioma/astrocytoma, other MAPK, IDH-Low-grade glioma/astrocytoma, NF1-somatic, FGFR	-17.82000000000013	-80.81464016522736	45.17464016522709	0.9999981152585053
Medulloblastoma, group 3-Low-grade glioma/astrocytoma, BRAF V600E, CDKN2A/B	-7.0704545454546	-33.07851062761291	18.93760153670371	0.9999991347524235
Medulloblastoma, group 4-Low-grade glioma/astrocytoma, IDH	-6.157925531914927	-29.358287733718267	17.042436669888414	0.9999994619176664
Medulloblastoma, group 3-Low-grade glioma/astrocytoma, other MAPK, IDH	-12.025454545454652	-58.55007963532091	34.49917054441161	0.9999996836796456
Medulloblastoma, group 3-Low-grade glioma/astrocytoma, RTK, CDKN2A/B	-8.185454545454585	-42.42665147789255	26.055742386983383	0.9999999356832121
Low-grade glioma/astrocytoma, KIAA1549-BRAF-Low-grade glioma/astrocytoma, BRAF V600E, CDKN2A/B	5.279807692307649	-17.416427023558004	27.976042408173303	0.9999999634362626
Medulloblastoma, SHH-activated-Low-grade glioma/astrocytoma, BRAF V600E, CDKN2A/B	-5.599782608695703	-29.73085208824687	18.531286870855467	0.9999999652643886
Medulloblastoma, SHH-activated-Low-grade glioma/astrocytoma, other MAPK, IDH	-10.554782608695755	-56.05676358542739	34.947198368035885	0.9999999655557683
Low-grade glioma/astrocytoma, KIAA1549-BRAF-Low-grade glioma/astrocytoma, BRAF V600E	2.016370192307683	-6.9882706866236575	11.021011071239023	0.9999999835388231
Low-grade glioma/astrocytoma, NF1-somatic-Low-grade glioma/astrocytoma, KIAA1549-BRAF	-9.95480769230769	-54.71238614397984	34.80277075936446	0.9999999857240769
Low-grade glioma/astrocytoma, wildtype-Low-grade glioma/astrocytoma, other MAPK	-2.98795918367345	-16.486810647650714	10.510892280303812	0.9999999871008647
Medulloblastoma-Low-grade glioma/astrocytoma, IDH	-5.409166666666723	-30.03175441794904	19.21342108461559	0.9999999890035551
Medulloblastoma, group 3-Low-grade glioma/astrocytoma, NF1-germline	-10.195454545454629	-56.72007963532089	36.32917054441163	0.9999999895634023
Low-grade glioma/astrocytoma, MYB/MYBL1-High-grade glioma/astrocytoma, H3 G35-mutant	-7.829999999999089	-44.19997245689663	28.539972456898454	0.9999999928355714
Medulloblastoma, group 4-Low-grade glioma/astrocytoma, other MAPK, IDH	-9.590425531914963	-54.60574031338447	35.42488924955454	0.999999994264748
Low-grade glioma/astrocytoma, other MAPK-Low-grade glioma/astrocytoma, NF1-somatic	9.70999999999999	-36.397355449458885	55.81735544945887	0.9999999955200927
Medulloblastoma, group 3-Low-grade glioma/astrocytoma, H3	-9.775454545454595	-56.300079635320856	36.74917054441167	0.9999999957341318
Low-grade glioma/astrocytoma, NF1-somatic-Low-grade glioma/astrocytoma (WHO grade I/II)	-9.768750000000004	-57.014730123920415	37.47723012392041	0.9999999969763627
Medulloblastoma, SHH-activated-Low-grade glioma/astrocytoma, RTK, CDKN2A/B	-6.714782608695687	-39.55300881566723	26.123443598275863	0.9999999976179699
Low-grade glioma/astrocytoma, RTK-Low-grade glioma/astrocytoma, NF1-somatic	9.47124999999999	-37.77473012392042	56.7172301239204	0.999999998446329
Medulloblastoma, group 4-Low-grade glioma/astrocytoma, BRAF V600E, CDKN2A/B	-4.635425531914912	-27.835787733718252	18.56493666988843	0.999999998554298
Low-grade glioma/astrocytoma, other MAPK-Low-grade glioma/astrocytoma, BRAF V600E, CDKN2A/B	5.03499999999995	-20.219038646577427	30.28903864657733	0.9999999986194463
Medulloblastoma-Low-grade glioma/astrocytoma, other MAPK, IDH	-8.84166666666676	-54.60621174415573	36.92287841082221	0.9999999993024404
Low-grade glioma/astrocytoma, MYB/MYBL1-High-grade glioma/astrocytoma, IDH-mutant	7.8300000000002115	-32.83286537670877	48.49286537670919	0.9999999993510813
Medulloblastoma, SHH-activated-Low-grade glioma/astrocytoma, NF1-germline	-8.724782608695731	-54.22676358542737	36.777198368035904	0.9999999994082855
Medulloblastoma, WNT-activated-Low-grade glioma/astrocytoma, IDH	-5.1163888888889275	-31.88396384340971	21.651186065631855	0.9999999994476183
Medulloblastoma, group 3-Medulloblastoma	-3.183787878787893	-20.231064387241524	13.863488629665738	0.9999999996672069
Low-grade glioma/astrocytoma, BRAF V600E, CDKN2A/B-Low-grade glioma/astrocytoma (WHO grade I/II)	-5.0937499999999645	-32.37122934267312	22.183729342673193	0.999999999668141
Medulloblastoma, SHH-activated-Low-grade glioma/astrocytoma, H3	-8.304782608695698	-53.80676358542733	37.19719836803594	0.9999999997991942
Medulloblastoma, WNT-activated-Low-grade glioma/astrocytoma, other MAPK, IDH	-8.548888888888964	-55.502321431417855	38.40454365363992	0.9999999998096505
Low-grade glioma/astrocytoma, wildtype-Low-grade glioma/astrocytoma (WHO grade I/II)	-3.046709183673464	-20.032391453563545	13.938973086216617	0.9999999998630926
Medulloblastoma, group 4-Low-grade glioma/astrocytoma, RTK, CDKN2A/B	-5.750425531914896	-37.910919814313175	26.410068750483386	0.9999999998723039
Low-grade glioma/astrocytoma, RTK-Low-grade glioma/astrocytoma, BRAF V600E, CDKN2A/B	4.796249999999951	-22.481229342673206	32.073729342673104	0.999999999911847
Low-grade glioma/astrocytoma, NF1-somatic-Low-grade glioma/astrocytoma, BRAF V600E	-7.938437500000006	-53.173019603158565	37.29614460315855	0.9999999999155122
Medulloblastoma, WNT-activated-Medulloblastoma, group 3	3.476565656565688	-16.544445250278287	23.497576563409666	0.9999999999331883
Medulloblastoma, group 4-Low-grade glioma/astrocytoma, NF1-germline	-7.76042553191494	-52.775740313384446	37.254889249554566	0.9999999999431013
Low-grade glioma/astrocytoma, KIAA1549-BRAF-Low-grade glioma/astrocytoma, IDH	3.7573076923076343	-18.93892702355802	26.453542408173288	0.9999999999769813
High-grade glioma/astrocytoma, H3 wildtype-High-grade glioma/astrocytoma (WHO grade III/IV)	-1.9708333333332817	-13.999071122235748	10.057404455569184	0.9999999999817539
Medulloblastoma, group 4-Medulloblastoma, group 3	2.4350290135396886	-12.484576044267389	17.354634071346766	0.999999999983285
Medulloblastoma, group 4-Low-grade glioma/astrocytoma, H3	-7.3404255319149065	-52.355740313384416	37.674889249554596	0.9999999999836142
Low-grade glioma/astrocytoma, wildtype-Low-grade glioma/astrocytoma, RTK	-2.7492091836734502	-19.73489145356353	14.23647308621663	0.99999999998616
Medulloblastoma-Low-grade glioma/astrocytoma, BRAF V600E, CDKN2A/B	-3.8866666666667076	-28.509254417949023	20.735921084615605	0.9999999999921889
Medulloblastoma-Low-grade glioma/astrocytoma, NF1-germline	-7.011666666666736	-52.7762117441557	38.752878410822234	0.9999999999960778
Low-grade glioma/astrocytoma, other MAPK, IDH-Low-grade glioma/astrocytoma, NF1-somatic	9.630000000000091	-53.36464016522713	72.62464016522732	0.9999999999962705
Low-grade glioma/astrocytoma, NF1-somatic, FGFR-Low-grade glioma/astrocytoma, MYB/MYBL1	-7.790000000000106	-59.22490831168054	43.644908311680325	0.9999999999970264
Medulloblastoma-Low-grade glioma/astrocytoma, RTK, CDKN2A/B	-5.001666666666692	-38.20275721747399	28.1994238841406	0.9999999999973754
Low-grade glioma/astrocytoma, wildtype-Low-grade glioma/astrocytoma, NF1-somatic	6.72204081632654	-38.27413073026433	51.71821236291741	0.9999999999978639
Medulloblastoma-Low-grade glioma/astrocytoma, H3	-6.591666666666702	-52.35621174415567	39.172878410822264	0.9999999999992206
Medulloblastoma, WNT-activated-Low-grade glioma/astrocytoma, NF1-germline	-6.718888888888941	-53.67232143141783	40.234543653639946	0.9999999999993433
High-grade glioma/astrocytoma, IDH-mutant-High-grade glioma/astrocytoma (WHO grade III/IV)	2.1404166666667948	-30.643033478472482	34.92386681180607	1
Low-grade glioma/astrocytoma, FGFR-High-grade glioma/astrocytoma (WHO grade III/IV)	-0.5367261904762373	-19.67112439296096	18.597672012008484	1
Low-grade glioma/astrocytoma, NF1-somatic, FGFR-High-grade glioma/astrocytoma (WHO grade III/IV)	2.1804166666669005	-43.28204890445503	47.64288223778883	1
High-grade glioma/astrocytoma, IDH-mutant-High-grade glioma/astrocytoma, H3 wildtype	4.1112500000000765	-28.355444406125997	36.57794440612615	1
Low-grade glioma/astrocytoma, FGFR-High-grade glioma/astrocytoma, H3 wildtype	1.4341071428570444	-17.152362043440714	20.020576329154803	1
Low-grade glioma/astrocytoma, NF1-somatic, FGFR-High-grade glioma/astrocytoma, H3 wildtype	4.151250000000182	-41.08333210315838	49.38583210315874	1
Low-grade glioma/astrocytoma, FGFR-High-grade glioma/astrocytoma, IDH-mutant	-2.677142857143032	-38.391746815827034	33.03746110154097	1
Low-grade glioma/astrocytoma, NF1-somatic, FGFR-High-grade glioma/astrocytoma, IDH-mutant	0.04000000000010573	-54.51495868534621	54.59495868534642	1
Low-grade glioma/astrocytoma, BRAF V600E-Low-grade glioma/astrocytoma (WHO grade I/II)	-1.830312499999998	-19.43784970344833	15.777224703448333	1
Low-grade glioma/astrocytoma, H3-Low-grade glioma/astrocytoma (WHO grade I/II)	-2.3887499999999697	-49.63473012392038	44.857230123920445	1
Low-grade glioma/astrocytoma, IDH-Low-grade glioma/astrocytoma (WHO grade I/II)	-3.5712499999999494	-30.848729342673106	23.706229342673208	1
Low-grade glioma/astrocytoma, KIAA1549-BRAF-Low-grade glioma/astrocytoma (WHO grade I/II)	0.18605769230768487	-16.157099199217637	16.529214583833006	1
Low-grade glioma/astrocytoma, NF1-germline-Low-grade glioma/astrocytoma (WHO grade I/II)	-1.968749999999936	-49.21473012392035	45.277230123920475	1
Low-grade glioma/astrocytoma, other MAPK-Low-grade glioma/astrocytoma (WHO grade I/II)	-0.05875000000001407	-19.800740144516094	19.683240144516066	1
Low-grade glioma/astrocytoma, other MAPK, IDH-Low-grade glioma/astrocytoma (WHO grade I/II)	-0.1387499999999129	-47.38473012392032	47.1072301239205	1
Low-grade glioma/astrocytoma, RTK-Low-grade glioma/astrocytoma (WHO grade I/II)	-0.29750000000001364	-22.569468619619325	21.974468619619298	1
Low-grade glioma/astrocytoma, RTK, CDKN2A/B-Low-grade glioma/astrocytoma (WHO grade I/II)	-3.9787499999999802	-39.19382440689664	31.23632440689668	1
Low-grade glioma/astrocytoma, BRAF V600E, CDKN2A/B-Low-grade glioma/astrocytoma, BRAF V600E	-3.2634374999999665	-26.886427561960172	20.35955256196024	1
Low-grade glioma/astrocytoma, H3-Low-grade glioma/astrocytoma, BRAF V600E	-0.5584374999999717	-45.79301960315853	44.67614460315859	1
Low-grade glioma/astrocytoma, IDH-Low-grade glioma/astrocytoma, BRAF V600E	-1.7409374999999514	-25.363927561960157	21.882052561960254	1
Low-grade glioma/astrocytoma, NF1-germline-Low-grade glioma/astrocytoma, BRAF V600E	-0.13843749999993804	-45.3730196031585	45.09614460315862	1
Low-grade glioma/astrocytoma, other MAPK-Low-grade glioma/astrocytoma, BRAF V600E	1.771562499999984	-12.501872792307184	16.04499779230715	1
Low-grade glioma/astrocytoma, other MAPK, IDH-Low-grade glioma/astrocytoma, BRAF V600E	1.6915625000000851	-43.54301960315847	46.92614460315865	1
Low-grade glioma/astrocytoma, RTK-Low-grade glioma/astrocytoma, BRAF V600E	1.5328124999999844	-16.074724703448346	19.140349703448315	1
Low-grade glioma/astrocytoma, RTK, CDKN2A/B-Low-grade glioma/astrocytoma, BRAF V600E	-2.1484374999999822	-34.61513190612605	30.31825690612609	1
Low-grade glioma/astrocytoma, wildtype-Low-grade glioma/astrocytoma, BRAF V600E	-1.2163966836734659	-11.340535281656411	8.90774191430948	1
Low-grade glioma/astrocytoma, H3-Low-grade glioma/astrocytoma, BRAF V600E, CDKN2A/B	2.7049999999999947	-47.09663582621094	52.506635826210925	1
Low-grade glioma/astrocytoma, IDH-Low-grade glioma/astrocytoma, BRAF V600E, CDKN2A/B	1.522500000000015	-29.974820082613597	33.01982008261363	1
Low-grade glioma/astrocytoma, NF1-germline-Low-grade glioma/astrocytoma, BRAF V600E, CDKN2A/B	3.1250000000000284	-46.676635826210905	52.92663582621096	1
Low-grade glioma/astrocytoma, NF1-somatic-Low-grade glioma/astrocytoma, BRAF V600E, CDKN2A/B	-4.67500000000004	-54.47663582621097	45.126635826210894	1
Low-grade glioma/astrocytoma, other MAPK, IDH-Low-grade glioma/astrocytoma, BRAF V600E, CDKN2A/B	4.955000000000052	-44.846635826210886	54.75663582621098	1
Low-grade glioma/astrocytoma, RTK, CDKN2A/B-Low-grade glioma/astrocytoma, BRAF V600E, CDKN2A/B	1.1149999999999842	-37.46118123376033	39.691181233760304	1
Low-grade glioma/astrocytoma, wildtype-Low-grade glioma/astrocytoma, BRAF V600E, CDKN2A/B	2.0470408163265006	-21.116156183878633	25.210237816531635	1
Medulloblastoma, WNT-activated-Low-grade glioma/astrocytoma, BRAF V600E, CDKN2A/B	-3.5938888888889124	-30.361463843409695	23.17368606563187	1
Low-grade glioma/astrocytoma, NF1-somatic, FGFR-Low-grade glioma/astrocytoma, FGFR	2.7171428571431377	-44.90232908776887	50.336614802055145	1
Low-grade glioma/astrocytoma, IDH-Low-grade glioma/astrocytoma, H3	-1.1824999999999797	-50.98413582621092	48.61913582621095	1
Low-grade glioma/astrocytoma, KIAA1549-BRAF-Low-grade glioma/astrocytoma, H3	2.5748076923076546	-42.1827707593645	47.332386143979804	1
Low-grade glioma/astrocytoma, NF1-germline-Low-grade glioma/astrocytoma, H3	0.4200000000000337	-62.574640165227194	63.414640165227254	1
Low-grade glioma/astrocytoma, NF1-somatic-Low-grade glioma/astrocytoma, H3	-7.3800000000000345	-70.37464016522726	55.614640165227186	1
Low-grade glioma/astrocytoma, other MAPK-Low-grade glioma/astrocytoma, H3	2.3299999999999557	-43.77735544945892	48.437355449458835	1
Low-grade glioma/astrocytoma, other MAPK, IDH-Low-grade glioma/astrocytoma, H3	2.250000000000057	-60.74464016522717	65.24464016522728	1
Low-grade glioma/astrocytoma, RTK-Low-grade glioma/astrocytoma, H3	2.091249999999956	-45.15473012392046	49.337230123920364	1
Low-grade glioma/astrocytoma, RTK, CDKN2A/B-Low-grade glioma/astrocytoma, H3	-1.5900000000000105	-56.144958685346325	52.9649586853463	1
Low-grade glioma/astrocytoma, wildtype-Low-grade glioma/astrocytoma, H3	-0.6579591836734942	-45.65413073026437	44.338212362917375	1
Medulloblastoma, WNT-activated-Low-grade glioma/astrocytoma, H3	-6.298888888888907	-53.2523214314178	40.654543653639976	1
Low-grade glioma/astrocytoma, NF1-germline-Low-grade glioma/astrocytoma, IDH	1.6025000000000134	-48.19913582621092	51.40413582621095	1
Low-grade glioma/astrocytoma, NF1-somatic-Low-grade glioma/astrocytoma, IDH	-6.197500000000055	-55.99913582621099	43.60413582621088	1
Low-grade glioma/astrocytoma, other MAPK-Low-grade glioma/astrocytoma, IDH	3.5124999999999353	-21.741538646577443	28.766538646577313	1
Low-grade glioma/astrocytoma, other MAPK, IDH-Low-grade glioma/astrocytoma, IDH	3.4325000000000365	-46.36913582621089	53.234135826210974	1
Low-grade glioma/astrocytoma, RTK-Low-grade glioma/astrocytoma, IDH	3.2737499999999358	-24.00372934267322	30.551229342673093	1
Low-grade glioma/astrocytoma, RTK, CDKN2A/B-Low-grade glioma/astrocytoma, IDH	-0.40750000000003084	-38.98368123376035	38.16868123376028	1
Low-grade glioma/astrocytoma, wildtype-Low-grade glioma/astrocytoma, IDH	0.5245408163264855	-22.63865618387865	23.68773781653162	1
Low-grade glioma/astrocytoma, NF1-germline-Low-grade glioma/astrocytoma, KIAA1549-BRAF	-2.154807692307621	-46.912386143979774	42.60277075936453	1
Low-grade glioma/astrocytoma, other MAPK-Low-grade glioma/astrocytoma, KIAA1549-BRAF	-0.24480769230769894	-12.925673824156673	12.436058439541275	1
Low-grade glioma/astrocytoma, other MAPK, IDH-Low-grade glioma/astrocytoma, KIAA1549-BRAF	-0.32480769230759776	-45.08238614397975	44.43277075936456	1
Low-grade glioma/astrocytoma, RTK-Low-grade glioma/astrocytoma, KIAA1549-BRAF	-0.4835576923076985	-16.82671458383302	15.859599199217623	1
Low-grade glioma/astrocytoma, RTK, CDKN2A/B-Low-grade glioma/astrocytoma, KIAA1549-BRAF	-4.164807692307665	-35.96354440417993	27.633929019564594	1
Low-grade glioma/astrocytoma, NF1-somatic-Low-grade glioma/astrocytoma, NF1-germline	-7.800000000000068	-70.79464016522729	55.194640165227156	1
Low-grade glioma/astrocytoma, other MAPK-Low-grade glioma/astrocytoma, NF1-germline	1.909999999999922	-44.197355449458954	48.017355449458805	1
Low-grade glioma/astrocytoma, other MAPK, IDH-Low-grade glioma/astrocytoma, NF1-germline	1.8300000000000232	-61.1646401652272	64.82464016522725	1
Low-grade glioma/astrocytoma, RTK-Low-grade glioma/astrocytoma, NF1-germline	1.6712499999999224	-45.57473012392049	48.917230123920334	1
Low-grade glioma/astrocytoma, RTK, CDKN2A/B-Low-grade glioma/astrocytoma, NF1-germline	-2.010000000000044	-56.564958685346355	52.54495868534627	1
Low-grade glioma/astrocytoma, wildtype-Low-grade glioma/astrocytoma, NF1-germline	-1.0779591836735278	-46.0741307302644	43.918212362917345	1
Low-grade glioma/astrocytoma, RTK, CDKN2A/B-Low-grade glioma/astrocytoma, NF1-somatic	5.790000000000024	-48.764958685346286	60.34495868534634	1
Medulloblastoma-Low-grade glioma/astrocytoma, NF1-somatic	0.7883333333333322	-44.976211744155634	46.5528784108223	1
Medulloblastoma, group 3-Low-grade glioma/astrocytoma, NF1-somatic	-2.3954545454545606	-48.920079635320825	44.1291705444117	1
Medulloblastoma, group 4-Low-grade glioma/astrocytoma, NF1-somatic	0.03957446808512799	-44.97574031338438	45.054889249554634	1
Medulloblastoma, SHH-activated-Low-grade glioma/astrocytoma, NF1-somatic	-0.9247826086956632	-46.4267635854273	44.57719836803597	1
Medulloblastoma, WNT-activated-Low-grade glioma/astrocytoma, NF1-somatic	1.0811111111111273	-45.87232143141776	48.034543653640014	1
Low-grade glioma/astrocytoma, other MAPK, IDH-Low-grade glioma/astrocytoma, other MAPK	-0.07999999999989882	-46.18735544945878	46.02735544945898	1
Low-grade glioma/astrocytoma, RTK-Low-grade glioma/astrocytoma, other MAPK	-0.23874999999999957	-19.98074014451608	19.50324014451608	1
Low-grade glioma/astrocytoma, RTK, CDKN2A/B-Low-grade glioma/astrocytoma, other MAPK	-3.919999999999966	-37.5920515287698	29.75205152876987	1
Low-grade glioma/astrocytoma, RTK-Low-grade glioma/astrocytoma, other MAPK, IDH	-0.15875000000010075	-47.404730123920515	47.08723012392031	1
Low-grade glioma/astrocytoma, RTK, CDKN2A/B-Low-grade glioma/astrocytoma, other MAPK, IDH	-3.8400000000000674	-58.39495868534638	50.71495868534625	1
Low-grade glioma/astrocytoma, wildtype-Low-grade glioma/astrocytoma, other MAPK, IDH	-2.907959183673551	-47.90413073026443	42.08821236291732	1
Low-grade glioma/astrocytoma, RTK, CDKN2A/B-Low-grade glioma/astrocytoma, RTK	-3.6812499999999666	-38.896324406896625	31.533824406896695	1
Low-grade glioma/astrocytoma, wildtype-Low-grade glioma/astrocytoma, RTK, CDKN2A/B	0.9320408163265164	-31.201653049514977	33.065734682168014	1
Medulloblastoma, WNT-activated-Low-grade glioma/astrocytoma, RTK, CDKN2A/B	-4.708888888888897	-39.53048642747399	30.1127086496962	1
Medulloblastoma, group 4-Medulloblastoma	-0.7487588652482042	-13.095720494647098	11.59820276415069	1
Medulloblastoma, SHH-activated-Medulloblastoma	-1.7131159420289954	-15.73093208470647	12.30470020064848	1
Medulloblastoma, WNT-activated-Medulloblastoma	0.2927777777777951	-17.892208450670978	18.477764006226565	1
Medulloblastoma, SHH-activated-Medulloblastoma, group 3	1.4706719367588974	-14.858636775277969	17.799980648795763	1
Medulloblastoma, SHH-activated-Medulloblastoma, group 4	-0.9643570767807912	-12.299441908187072	10.37072775462549	1
Medulloblastoma, WNT-activated-Medulloblastoma, group 4	1.0415366430259994	-15.165829054524576	17.248902340576574	1
Medulloblastoma, WNT-activated-Medulloblastoma, SHH-activated	2.0058937198067905	-15.507826923911368	19.51961436352495	1
