"genes"	"modules"
"ZIC1"	"M2"
"RELN"	"M5"
"TNC"	"M3"
"CDR1"	"M6"
"NNAT"	"M2"
"GFAP"	"M6"
"SEZ6L"	"M3"
"IGF2"	"M7"
"COL1A1"	"M7"
"CDHR1"	"M1"
"PCDH17"	"M2"
"AMER2"	"M8"
"CHGB"	"M2"
"DRAXIN"	"M2"
"COL3A1"	"M7"
"BARHL1"	"M2"
"CLU"	"M6"
"KIF1A"	"M5"
"NKD1"	"M4"
"OTX2"	"M1"
"APC2"	"M5"
"CACNA2D1"	"M8"
"STMN2"	"M5"
"COL1A2"	"M7"
"DCX"	"M2"
"ENC1"	"M8"
"PCNT"	"M3"
"NTRK3"	"M4"
"DACH1"	"M5"
"COL6A3"	"M7"
"SYT4"	"M2"
"TBR1"	"M8"
"CADPS"	"M2"
"MAB21L1"	"M2"
"VCAN"	"M5"
"TTN"	"M1"
"EOMES"	"M2"
"CD24"	"M2"
"UNC5D"	"M2"
"PLXNA2"	"M2"
"INSM1"	"M4"
"CNTN1"	"M2"
"CDH23"	"M2"
"CNTNAP2"	"M8"
"SEZ6"	"M8"
"MAPT"	"M5"
"ZIC4"	"M2"
"RREB1"	"M8"
"IMPG2"	"M1"
"RPH3A"	"M2"
"ST18"	"M2"
"SV2B"	"M5"
"CACNA1A"	"M4"
"DPYSL5"	"M5"
"PLPPR4"	"M8"
"ASTN2"	"M2"
"ANK3"	"M5"
"L1CAM"	"M4"
"FZD1"	"M8"
"IGSF21"	"M2"
"ISLR2"	"M2"
"TRPM3"	"M2"
"ERBB4"	"M2"
"NEUROG1"	"M2"
"NRCAM"	"M3"
"PCLO"	"M8"
"PTPRO"	"M8"
"COL27A1"	"M8"
"DISP3"	"M2"
"ADGRV1"	"M1"
"UNCX"	"M2"
"PEX5L"	"M2"
"TMEM132B"	"M2"
"PHLDA1"	"M8"
"CHRM3"	"M2"
"NEUROD2"	"M2"
"ELAVL3"	"M5"
"ABLIM1"	"M5"
"IGFBPL1"	"M4"
"ZIC2"	"M3"
"NOVA2"	"M5"
"NEUROD1"	"M2"
"LHX4"	"M8"
"PAX6"	"M4"
"LAMA2"	"M7"
"TENM3"	"M3"
"TENM4"	"M2"
"KCNA1"	"M2"
"GRIA2"	"M5"
"TTR"	"M1"
"KCNQ2"	"M4"
"SPOCK1"	"M2"
"ST8SIA3"	"M4"
"LHX1"	"M5"
"EDIL3"	"M8"
"ZDHHC22"	"M2"
"HIST2H2AA4"	"M3"
"NPTX1"	"M1"
"HBB"	"Not.Correlated"
"KIAA1456"	"M2"
"HBA2"	"Not.Correlated"
"SFRP1"	"M4"
"PDE1C"	"M5"
"B3GAT1"	"M2"
"GRIN2B"	"M4"
"SEMA6A"	"M4"
"NRXN2"	"M5"
"CNTNAP5"	"M2"
"FLNC"	"M3"
"MYT1L"	"M2"
"CACNA1G"	"M1"
"CHL1"	"M2"
"ESRRG"	"M2"
"CTTNBP2"	"M2"
"EGR1"	"M7"
"ZFHX4"	"M1"
"KCNB2"	"M8"
"UNC119"	"M1"
"ADGRG1"	"M4"
"SHROOM2"	"M3"
"DGKB"	"M2"
"HK2"	"M1"
"EXPH5"	"M5"
"FSTL5"	"M8"
"PTPRZ1"	"M8"
"DSP"	"M2"
"COL5A1"	"M7"
"PSD3"	"M5"
"PLCH2"	"M1"
"DOK6"	"M8"
"HBA1"	"Not.Correlated"
"TMTC2"	"M2"
"BOC"	"M3"
"ELN"	"M3"
"SNCAIP"	"M2"
"COL6A2"	"M7"
"SLC7A14"	"M2"
"DSCAML1"	"M2"
"DCN"	"M7"
"NRN1"	"M8"
"BHLHE22"	"M2"
"DPP6"	"M5"
"GNB3"	"M1"
"RNF152"	"M5"
"KIAA1549L"	"M5"
"ZNF804A"	"M2"
"SLC24A2"	"M2"
"SGK1"	"M8"
"ASXL3"	"M2"
"PRR36"	"M5"
"NCAN"	"M6"
"KCND3"	"M5"
"SLC8A1"	"M1"
"CPLX2"	"M4"
"PRDM8"	"M4"
"SMOC1"	"M2"
"KIF26A"	"M3"
"AFF3"	"M5"
"EPHA8"	"M8"
"NTRK2"	"M6"
"ATCAY"	"M5"
"CNR1"	"M4"
"CHN2"	"M2"
"TENM1"	"M2"
"EPHA7"	"M3"
"MYCN"	"M4"
"SLC6A3"	"M2"
"NAV2"	"M3"
"MYT1"	"M2"
"DLGAP1"	"M2"
"MFAP4"	"M3"
"TLE2"	"M8"
"FAT2"	"M9"
"PDE4B"	"M2"
"KCNA5"	"M8"
"CAMK2N1"	"M5"
"GRM8"	"M2"
"ANGPTL2"	"M3"
"THBS1"	"M5"
"ZFPM2"	"M1"
"AFF2"	"M2"
"SP5"	"M3"
"PLXNA4"	"M1"
"EEF1A2"	"M5"
"SOX9"	"M4"
"LONRF2"	"M5"
"FHDC1"	"M2"
"AQP4"	"M6"
"ROBO3"	"M1"
"CECR2"	"M3"
"VSTM2A"	"M2"
"SIPA1L2"	"M3"
"BGN"	"M7"
"PPP2R2C"	"M4"
"LAPTM4B"	"M1"
"RCAN3"	"M5"
"APOD"	"M7"
"MBP"	"M6"
"CSRP2"	"M2"
"TMEM132C"	"M3"
"ROBO1"	"M3"
"ELAVL2"	"M2"
"GABRG2"	"M8"
"CDH18"	"M2"
"SHANK1"	"M5"
"ACTC1"	"M3"
"SLC17A7"	"M1"
"HDAC9"	"M2"
"EPHA3"	"M3"
"SCN3B"	"M2"
"MMP2"	"M3"
"FAM107A"	"M6"
"NR2F1"	"M4"
"CELF4"	"M2"
"ST8SIA2"	"M2"
"CACNA1H"	"M2"
"SEMA3A"	"M8"
"SDK2"	"M1"
"ATP2B2"	"M5"
"PAPPA2"	"M8"
"KRT17"	"M3"
"ZNF521"	"M4"
"MYC"	"M1"
"LRRC4B"	"M5"
"FBN1"	"M7"
"SCRT2"	"M2"
"CBLN1"	"M4"
"DMD"	"M1"
"FREM2"	"M1"
"CAMK4"	"M9"
"PDLIM3"	"M9"
"PTPN13"	"M3"
"CPNE4"	"M2"
"CSPG5"	"M2"
"C1orf61"	"M6"
"MPP3"	"M2"
"EN2"	"M5"
"MGP"	"M7"
"PCDHGB7"	"M2"
"NID2"	"M5"
"EYS"	"M8"
"SYT1"	"M4"
"CEMIP"	"M4"
"ST6GAL2"	"M4"
"EPHB6"	"M1"
"RBFOX1"	"M5"
"DAB1"	"M1"
"GABBR2"	"M2"
"RSPO3"	"M2"
"PTGDS"	"M4"
"TMEM151B"	"M2"
"GALNT15"	"M6"
"GAP43"	"M4"
"SLC8A2"	"M4"
"ARL4D"	"M1"
"DISC1"	"M1"
"PRKCB"	"M5"
"TUBB4A"	"M6"
"NEB"	"M1"
"FOS"	"M7"
"ZNF385D"	"M2"
"ELAVL4"	"M5"
"SH3GL2"	"M5"
"NETO2"	"M2"
"CNTN2"	"M4"
"NMNAT2"	"M4"
"PLCB1"	"M4"
"UNC5C"	"M9"
"PLPPR3"	"M2"
"SHOX2"	"M1"
"SCRT1"	"M2"
"USH2A"	"M1"
"TLL1"	"M2"
"CACNA1E"	"M5"
"RBFOX3"	"M4"
"KLHL13"	"M5"
"KCNC1"	"M5"
"LMX1A"	"M2"
"ALDH1A3"	"M7"
"CA4"	"M2"
"CXXC4"	"M2"
"GRIK1"	"M1"
"KCNJ2"	"M8"
"CUX2"	"M5"
"ASS1"	"M8"
"MAB21L2"	"M1"
"FLRT2"	"M3"
"SERPINF1"	"M3"
"DUSP4"	"M5"
"ADAMTSL1"	"M4"
"NRL"	"M1"
"NHLH2"	"M5"
"TSPAN18"	"M3"
"ROBO2"	"M4"
"TIGAR"	"M8"
"NHLH1"	"M4"
"DYNC1I1"	"M2"
"ATP8A2"	"M1"
"PTPRN"	"M1"
"UNC13C"	"M5"
"AQP1"	"M6"
"SLC4A8"	"M4"
"LHX2"	"M2"
"JPH3"	"M2"
"SYT7"	"M4"
"KCNJ6"	"M4"
"COLEC12"	"M3"
"ANKRD33B"	"M1"
"DGKG"	"M4"
"COLGALT2"	"M4"
"FUT9"	"M4"
"CAMSAP3"	"M2"
"PPFIA4"	"M5"
"HPCA"	"M2"
"MYO7A"	"M3"
"VASH2"	"M2"
"LRRN3"	"M2"
"C2orf71"	"M1"
"EGFR"	"M4"
"TMEM63C"	"M5"
"NEUROD4"	"M1"
"NGFR"	"M3"
"SULF1"	"M2"
"SDC2"	"M3"
"LTBP2"	"M7"
"GFRA1"	"M3"
"STX3"	"M1"
"MEIS2"	"M8"
"RIMS1"	"M5"
"ZIC5"	"M3"
"ANO2"	"M1"
"CRABP2"	"M1"
"THBS4"	"M6"
"PLXDC1"	"M1"
"FAM198B"	"M9"
"CPLX3"	"M1"
"TSPYL5"	"M8"
"MYO16"	"M4"
"LRRC55"	"M4"
"CLVS2"	"M5"
"NTN1"	"M4"
"AIPL1"	"M1"
"DTX1"	"M5"
"ASTN1"	"M4"
"DIRAS2"	"M8"
"EYA2"	"M8"
"SEMA3C"	"M2"
"PTHLH"	"M2"
"LAMC3"	"M7"
"NEURL1"	"M5"
"STX1B"	"M5"
"NXPH4"	"M1"
"CXCR4"	"M3"
"TSHZ3"	"M1"
"CADPS2"	"M5"
"WIF1"	"M3"
"IQSEC3"	"M1"
"ABCC8"	"M2"
"FAM131B"	"M5"
"PLP1"	"M6"
"CRX"	"M1"
"FSTL4"	"M3"
"MAF"	"M3"
"GABRA5"	"M1"
"NLGN4X"	"M4"
"NRXN3"	"M6"
"CPLX1"	"M9"
"SLIT1"	"M9"
"CARMIL1"	"M3"
"DOCK3"	"M2"
"TMEM132E"	"M2"
"XKR4"	"M2"
"ALDOC"	"M6"
"RPGRIP1"	"M8"
"TNR"	"M6"
"CASZ1"	"M1"
"GRIN2A"	"M4"
"NCKAP5"	"M8"
"HIST2H3A"	"M3"
"AMER3"	"M5"
"C1QTNF4"	"M8"
"B4GALNT1"	"M5"
"UBE2QL1"	"M4"
"SLC13A4"	"M7"
"SRGAP1"	"M4"
"GRIK2"	"M4"
"FBXL7"	"M3"
"INHBB"	"M1"
"PCDHGA1"	"M2"
"MEIS1"	"M3"
"GLI2"	"M3"
"KHDRBS2"	"M2"
"EPHB1"	"M2"
"NWD2"	"M2"
"SERPINA3"	"M6"
"TAGLN3"	"M4"
"PDGFRA"	"M3"
"HIST1H4I"	"M4"
"MYH7"	"M4"
"BRINP1"	"M5"
"USP2"	"M8"
"TPH1"	"M1"
"ADAM19"	"M3"
"PRAME"	"M1"
"SCN3A"	"M2"
"LINGO1"	"M4"
"BTBD11"	"M7"
"INSM2"	"M5"
"RALYL"	"M2"
"GPR155"	"M8"
"AMPH"	"M5"
"APLNR"	"M6"
"ABLIM3"	"M4"
"FKBP10"	"M3"
"KCNH7"	"M2"
"PLCH1"	"M4"
"PPP2R2B"	"M1"
"CA10"	"M6"
"SORBS2"	"M8"
"ZNF154"	"M8"
"SLC1A7"	"M1"
"SPHKAP"	"M9"
"PDE5A"	"M3"
"PCDH8"	"M4"
"SCN2A"	"M6"
"MXRA5"	"M7"
"GRM1"	"M2"
"CDH15"	"M4"
"SLC4A4"	"M6"
"FAIM2"	"M4"
"PLEKHB1"	"M6"
"STUM"	"M4"
"KIF26B"	"M5"
"GRIK3"	"M9"
"HHIP"	"M9"
"DNER"	"M9"
"KCNIP4"	"M2"
"CELF5"	"M5"
"JPH4"	"M4"
"ADGRB3"	"M5"
"LRRC38"	"M8"
"PCDH7"	"M5"
"PRLR"	"M3"
"GRIA1"	"M6"
"DOC2B"	"M2"
"GPR12"	"M2"
"TRIM67"	"M5"
"LRP4"	"M3"
"SV2C"	"M8"
"DNM3"	"M5"
"KCNK3"	"M1"
"SHANK2"	"M4"
"FBN3"	"M2"
"METRN"	"M9"
"HCN2"	"M1"
"ELFN2"	"M2"
"PARM1"	"M3"
"COL12A1"	"M7"
"PRSS12"	"M8"
"STMN4"	"M4"
"GRIN3A"	"M2"
"GRM4"	"M5"
"PRUNE2"	"M1"
"FGF14"	"M5"
"SCG2"	"M2"
"RPS4Y1"	"Not.Correlated"
"FOXG1"	"M8"
"CHST8"	"M2"
"GLIPR2"	"M1"
"TP73"	"M2"
"CD200"	"M2"
"PRELP"	"M7"
"SLC6A15"	"M4"
"PCDHB3"	"Not.Correlated"
"PRPH2"	"M1"
"CDK5R2"	"M1"
"GFPT2"	"M2"
"TNFRSF19"	"M3"
"SLCO5A1"	"M2"
"SYT13"	"M5"
"LOXL1"	"M3"
"UNC5A"	"M4"
"NOL4"	"M5"
"RGL1"	"M3"
"ATRNL1"	"M2"
"ZIC3"	"M2"
"LEF1"	"M3"
"FAM135B"	"M1"
"GAD1"	"M6"
"NTN5"	"M1"
"PPL"	"M2"
"TMEM59L"	"M5"
"VSTM4"	"M3"
"PAX5"	"M2"
"SYNJ2"	"M2"
"CHST1"	"M2"
"IGLON5"	"M4"
"CLDN11"	"M3"
"USP9Y"	"Not.Correlated"
"GRIN2C"	"M4"
"KAZN"	"M4"
"FLRT3"	"M4"
"SHISA6"	"M4"
"RFLNA"	"M2"
"ADARB2"	"M4"
"PRL"	"M8"
"RASGRF2"	"M1"
"COL16A1"	"M3"
"DKK2"	"M7"
"COBL"	"M1"
"SYT6"	"M2"
"ZNF516"	"M4"
"GRIA4"	"M9"
"LINGO2"	"M2"
"FOXP2"	"M5"
"FRMPD1"	"M1"
"RYR3"	"M9"
"GRIN1"	"M5"
"LDOC1"	"M4"
"C7"	"M7"
"CAMKV"	"M2"
"TMEM35A"	"M5"
"GALNT14"	"M1"
"EPHA4"	"M1"
"ANKRD6"	"M9"
"NCAM2"	"M2"
"LRRC7"	"M2"
"ACSL6"	"M1"
"SATB2"	"M3"
"TMEM158"	"M2"
"ACHE"	"M2"
"PCSK9"	"M3"
"KDM5D"	"Not.Correlated"
"APOL4"	"M3"
"ATP2B3"	"M8"
"ADAM12"	"M3"
"KCNA2"	"M4"
"BCL11A"	"M4"
"TOX3"	"M4"
"SOX2"	"M9"
"SLITRK1"	"M7"
"DES"	"M3"
"PCOLCE"	"M7"
"IGF2BP3"	"M1"
"BNC2"	"M7"
"CACNG4"	"M4"
"NRG1"	"M8"
"PITPNM3"	"M2"
"EMILIN3"	"M3"
"WFIKKN2"	"M6"
"RIMS4"	"M5"
"PDE2A"	"M2"
"SPTB"	"M2"
"NCALD"	"M9"
"FZD10"	"M3"
"UBASH3B"	"M4"
"SHD"	"M5"
"SIX6"	"M8"
"WNT16"	"M3"
"RND2"	"M2"
"CYR61"	"M7"
"POU3F2"	"M3"
"NDST3"	"M9"
"ST8SIA5"	"M4"
"RD3"	"M1"
"RCVRN"	"M1"
"TPBG"	"M4"
"HIST3H2BB"	"M4"
"LRIG3"	"M3"
"KCNQ3"	"M3"
"PGM5"	"M3"
"NEFM"	"M1"
"EPHA2"	"M1"
"HSD11B2"	"M3"
"OPCML"	"M4"
"CUBN"	"M1"
"EMID1"	"M4"
"SGIP1"	"M5"
"CNTN4"	"M5"
"FOXO6"	"M1"
"EMX2"	"M3"
"DDX3Y"	"Not.Correlated"
"EPHA6"	"M2"
"KCNN1"	"M8"
"CALN1"	"M9"
"TULP1"	"M1"
"JAKMIP2"	"M4"
"PHGDH"	"M4"
"ABCA7"	"M1"
"EGFLAM"	"M1"
"CHD5"	"M2"
"EFNA5"	"M3"
"CABP7"	"M1"
"PDZRN3"	"M3"
"RYR1"	"M6"
"FMOD"	"M7"
"ITIH2"	"M7"
"PCDHB7"	"M2"
"ALK"	"M3"
"P4HA2"	"M1"
"FAM181B"	"M2"
"TGIF2"	"M3"
"MYCL"	"M4"
"TRIL"	"M4"
"KCNH6"	"M1"
"ADCYAP1"	"M4"
"RASGEF1C"	"M4"
"PHYHIP"	"M5"
"NXPH1"	"M2"
"ADAM11"	"M4"
"HIF3A"	"M1"
"PTPRR"	"M2"
"FAM155A"	"M2"
"IGSF9"	"M3"
"PDPN"	"M9"
"PAX3"	"M4"
"SYK"	"M3"
"NXPH3"	"M4"
"ACKR3"	"M3"
"GXYLT2"	"M3"
"MARCH4"	"M4"
"BCAN"	"M6"
"FLRT1"	"M8"
"PACSIN1"	"M1"
"DSC2"	"M2"
"GABRB2"	"M6"
"DEFA5"	"M1"
"ARPP21"	"M8"
"SPEG"	"M3"
"LMTK3"	"M5"
"GNAT1"	"M1"
"ABCA4"	"M1"
"TMEM233"	"M1"
"RYR2"	"M6"
"NRIP2"	"M4"
"NPR3"	"M1"
"ZMAT4"	"M1"
"CACNG2"	"M2"
"ZNF385B"	"M1"
"CDYL2"	"M2"
"CTNNA2"	"M4"
"KSR2"	"M4"
"DGKI"	"M9"
"TPPP"	"M9"
"FOXP4"	"M1"
"EVC"	"M3"
"SYN2"	"M2"
"EMILIN1"	"M3"
"SLC16A7"	"M2"
"ISLR"	"M7"
"PLPPR1"	"M9"
"HR"	"M1"
"TTBK1"	"M4"
"SLC24A4"	"M2"
"EPHB4"	"M3"
"LHX5"	"M2"
"GAS1"	"M3"
"GRIK4"	"M2"
"PCDHA1"	"M8"
"FAM19A4"	"M1"
"TENM2"	"M3"
"MLC1"	"M6"
"FREM3"	"M2"
"WSCD2"	"M2"
"NEFL"	"M1"
"POU3F3"	"M9"
"CCDC144A"	"M2"
"ERICH3"	"M1"
"SLITRK6"	"M3"
"CXCL12"	"M7"
"MCTP1"	"M5"
"TCERG1L"	"M4"
"TNNI1"	"M8"
"HECW1"	"M4"
"COL4A5"	"M3"
"GABRD"	"M4"
"RUNX2"	"M3"
"HIST1H4L"	"M3"
"LUM"	"M7"
"SOX5"	"M4"
"RUNDC3B"	"M2"
"THBS2"	"M7"
"SGCD"	"M3"
"SVEP1"	"M3"
"TRPC5"	"M8"
"PLCXD3"	"M5"
"WIPF3"	"M2"
"PMP2"	"M6"
"LHX8"	"M3"
"CYYR1"	"M3"
"MAK"	"M8"
"TRIM58"	"M8"
"NR3C2"	"M2"
"LMO3"	"M9"
"TPPP3"	"M1"
"PCSK2"	"M1"
"RNF182"	"M5"
"EBF2"	"M3"
"CRB2"	"M1"
"PTPN5"	"M2"
"MFNG"	"M3"
"CLGN"	"M8"
"GDF7"	"M2"
"BMP7"	"M1"
"VWA5A"	"M1"
"MEGF11"	"M4"
"CBS"	"M4"
"NKD2"	"M4"
"DSG2"	"M3"
"HLX"	"M7"
"RNF112"	"M4"
"SLIT3"	"M2"
"KCNC2"	"M8"
"CNTN6"	"M4"
"CPNE6"	"M1"
"KCND2"	"M5"
"GSG1L"	"M2"
"MGAT4C"	"M6"
"KL"	"M2"
"GPR85"	"M4"
"HRK"	"M4"
"VGF"	"M5"
"AJAP1"	"M4"
"SH3GL3"	"M2"
"GJD2"	"M1"
"PPP1R1B"	"M1"
"SH3RF3"	"M3"
"SNCB"	"M4"
"SAG"	"M1"
"ECHDC2"	"M4"
"ROR2"	"M3"
"TOGARAM2"	"M1"
"NALCN"	"M5"
"ATP2A3"	"M3"
"C11orf87"	"M3"
"PNMA3"	"M8"
"CEND1"	"M4"
"DLL3"	"M4"
"RHO"	"M1"
"CSMD1"	"M9"
"ZCCHC12"	"M5"
"PDE11A"	"M1"
"SBSPON"	"M4"
"RBP3"	"M1"
"SYT2"	"M6"
"COL25A1"	"M3"
"CACNA2D4"	"M1"
"SDK1"	"M4"
"CDH4"	"M5"
"NEGR1"	"M5"
"RP1"	"M1"
"FGF13"	"M2"
"SLC35F3"	"M1"
"S100B"	"M6"
"PAK5"	"M5"
"TTYH1"	"M6"
"PDE3A"	"M9"
"PALMD"	"M1"
"TES"	"M2"
"CHRNA4"	"M8"
"SLITRK3"	"M2"
"CYP1B1"	"M7"
"RSPO2"	"M2"
"GCNT2"	"M4"
"GRIP2"	"M8"
"FAM19A2"	"M2"
"SFRP4"	"M7"
"DLK1"	"M5"
"NEBL"	"M6"
"GRASP"	"M3"
"MEGF6"	"M3"
"MN1"	"M7"
"PAPPA"	"M5"
"BCL11B"	"M1"
"SPSB4"	"M4"
"GALNT9"	"M4"
"SLFN11"	"M3"
"ADAMTS2"	"M7"
"CNGA3"	"M3"
"TMEM51"	"M3"
"LRP2"	"M1"
"LAMA1"	"M7"
"TOX"	"M5"
"SAMD11"	"M1"
"COL11A1"	"M7"
"LEMD1"	"M8"
"FGFR2"	"M4"
"SST"	"M1"
"PCK2"	"M1"
"TBX1"	"M8"
"RFTN2"	"M9"
"LRRC61"	"M1"
"SLC17A6"	"M8"
"SCG5"	"M4"
"FABP7"	"M5"
"SLC13A3"	"M1"
"PTPRT"	"M4"
"RBM24"	"M2"
"IRAK3"	"M7"
"RASL11B"	"M3"
"CHRD"	"M2"
"ADCY2"	"M6"
"MAL2"	"M8"
"PIRT"	"M9"
"PADI2"	"M6"
"GLI3"	"M3"
"ADGRG6"	"M7"
"NYAP1"	"M4"
"CHRM4"	"M2"
"P2RY1"	"M9"
"LUZP2"	"M6"
"NLGN4Y"	"Not.Correlated"
"TSHZ2"	"M4"
"MCF2L2"	"M1"
"CRTAC1"	"M3"
"TCEAL2"	"M5"
"GABRA1"	"M6"
"SYTL4"	"M8"
"FOXF2"	"M3"
"PLPPR5"	"M8"
"MYH8"	"Not.Correlated"
"SCHIP1"	"M4"
"PYGM"	"M2"
"COL8A1"	"M7"
"BEND7"	"M2"
"TMEM169"	"M4"
"C1QL1"	"M9"
"SYNDIG1"	"M3"
"MAP7"	"M1"
"COCH"	"M8"
"KIAA1644"	"M1"
"PNCK"	"M1"
"NYAP2"	"M4"
"PRKCZ"	"M4"
"SRL"	"M3"
"KCNK1"	"M4"
"PRDM6"	"M7"
"GLRA1"	"M1"
"TMSB15A"	"M4"
"BRINP3"	"M6"
"MMD2"	"M2"
"GREM2"	"M2"
"OLFM3"	"M8"
"COL15A1"	"M7"
"PCDH11X"	"M5"
"NFATC1"	"M3"
"DSCAM"	"M9"
"SYT16"	"M2"
"DMRT2"	"M4"
"SEMA3E"	"M2"
"SLC6A17"	"M1"
"LAMP5"	"M3"
"FBLN5"	"M7"
"CAPN6"	"M7"
"MED12L"	"M5"
"SALL1"	"M6"
"HTR1A"	"M2"
"TNNT1"	"M3"
"ATOH1"	"M4"
"RASGRF1"	"M5"
"PIANP"	"M4"
"MYH11"	"M7"
"MPPED1"	"M2"
"SNPH"	"M6"
"FOSB"	"M7"
"OLIG1"	"M6"
"PRPH"	"M3"
"NDNF"	"M1"
"CLMP"	"M3"
"LDLRAP1"	"M4"
"ZNF727"	"M8"
"TMEM200C"	"M4"
"UTY"	"Not.Correlated"
"HOXA7"	"M2"
"MT3"	"M6"
"PBX3"	"M3"
"KCNQ5"	"M2"
"COL2A1"	"M1"
"DRD2"	"M4"
"KCNK12"	"M4"
"WDR86"	"M5"
"SLFN13"	"M2"
"RGS7BP"	"M2"
"GPR37L1"	"M6"
"PLEKHG4B"	"M4"
"CERKL"	"M4"
"CHODL"	"M2"
"GNG3"	"M4"
"BMPR1B"	"M6"
"PTCHD1"	"M5"
"FOXN4"	"M8"
"PDE10A"	"M5"
"SIX3"	"M2"
"PIWIL2"	"M8"
"TBX3"	"M2"
"POSTN"	"M7"
"CALB2"	"M6"
"DLL1"	"M5"
"POLR2J2"	"M2"
"HPCAL4"	"M5"
"SLC4A10"	"M8"
"IGSF11"	"M1"
"HOOK1"	"M2"
"NTNG1"	"M2"
"CRHR1"	"M2"
"TBC1D3L"	"Not.Correlated"
"PCDHA2"	"M2"
"FBXO2"	"M2"
"PDE6B"	"M1"
"GABRA2"	"M5"
"PDGFA"	"M3"
"GLRA2"	"M2"
"SLC8A3"	"M5"
"CDKN1C"	"M3"
"TRH"	"M5"
"CHI3L1"	"M1"
"HAS3"	"M8"
"PHACTR3"	"M5"
"SFRP5"	"M3"
"CACNA1D"	"M4"
"COL14A1"	"M7"
"SAMD3"	"M8"
"PROM1"	"M1"
"KCNJ11"	"M2"
"CACNA1F"	"M1"
"FSD1"	"M4"
"SMOC2"	"M7"
"EYA1"	"M7"
"SERTAD4"	"M3"
"TWIST1"	"M1"
"TDRD9"	"M1"
"MYO5B"	"M1"
"HOXD3"	"M1"
"HIST1H4F"	"M2"
"MEGF10"	"M6"
"TNNC1"	"M1"
"CRB1"	"M4"
"MET"	"M7"
"ACTN2"	"M2"
"NTF3"	"M2"
"GPR68"	"M4"
"MYOG"	"M1"
"RAX2"	"M1"
"PRRG3"	"M2"
"SOX8"	"M6"
"DNAH2"	"M1"
"ITGBL1"	"M7"
"FEZF1"	"M2"
"NTN4"	"M5"
"PCDH10"	"M6"
"LGR5"	"M1"
"LLGL2"	"M1"
"PTGIS"	"M7"
"ACTA1"	"M3"
"CALHM2"	"M3"
"MAGEL2"	"M3"
"LIN7A"	"M1"
"FOXS1"	"M7"
"VIPR2"	"M5"
"KCNH1"	"M5"
"ZNF681"	"M5"
"KIRREL3"	"M2"
"ADRA2C"	"M3"
"OTX1"	"M7"
"GLT8D2"	"M1"
"FRMPD4"	"M5"
"MRAP2"	"M7"
"SGSM1"	"M5"
"RGS7"	"M2"
"HTRA3"	"M7"
"CKM"	"M1"
"GPR156"	"M8"
"TCF7"	"M1"
"DOK5"	"M4"
"KCNJ3"	"M5"
"TSPO"	"M3"
"GNAL"	"M5"
"KCNIP1"	"M4"
"PCYT1B"	"M4"
"GUCY2D"	"M1"
"RAB26"	"M4"
"PDE6G"	"M1"
"KIAA0319"	"M2"
"SEMA3D"	"Not.Correlated"
"FAXDC2"	"M9"
"TBX18"	"M7"
"FOXQ1"	"M3"
"KCNJ12"	"M4"
"VSNL1"	"M5"
"TAL1"	"M2"
"TMEFF2"	"M4"
"RGS11"	"M4"
"VTN"	"M1"
"CBLN3"	"M4"
"SCN5A"	"M3"
"CDH20"	"M6"
"PTGS1"	"M3"
"ASIC2"	"M1"
"RPRM"	"Not.Correlated"
"IRX5"	"M4"
"CACNG7"	"M4"
"GABRG3"	"M1"
"ABCA9"	"M7"
"KCNJ5"	"M3"
"BEGAIN"	"M5"
"MOBP"	"M6"
"PRMT8"	"M1"
"FIBCD1"	"M2"
"HAND2"	"M3"
"FIGNL2"	"M5"
"PDIA5"	"M1"
"A4GALT"	"M7"
"CP"	"M6"
"UGT8"	"M4"
"FAM198A"	"M9"
"PDE1A"	"M9"
"CHRNA3"	"M9"
"KCNJ10"	"M6"
"IPCEF1"	"M8"
"NKX6-1"	"M3"
"GLI1"	"M7"
"EMB"	"M3"
"SIX5"	"M3"
"OSBPL6"	"Not.Correlated"
"MDFI"	"M3"
"DCT"	"M3"
"SUSD4"	"M9"
"ADAMTS5"	"M3"
"OGN"	"M7"
"POU6F2"	"M7"
"CES1"	"M3"
"ADRA2A"	"M5"
"BCHE"	"M9"
"IGF1"	"M3"
"TGFB1I1"	"M3"
"YPEL4"	"M5"
"RNF43"	"M4"
"TRIM71"	"M5"
"SIX1"	"M2"
"TAC1"	"M8"
"TGFA"	"M4"
"INS-IGF2"	"M7"
"PKP2"	"M3"
"CSMD3"	"M6"
"PPP1R1A"	"M2"
"ZBED9"	"M1"
"GABRE"	"M3"
"HEPACAM"	"M6"
"ITGA11"	"M7"
"CD82"	"M3"
"RORB"	"M2"
"RAI2"	"M3"
"CA14"	"M4"
"NDP"	"M9"
"B3GALT1"	"Not.Correlated"
"HCN1"	"M2"
"PDIA2"	"M3"
"FBXO17"	"M3"
"GREB1L"	"M4"
"TRHDE"	"M9"
"NOS1"	"M4"
"PIEZO2"	"M3"
"ART3"	"M1"
"RAMP1"	"M6"
"PCSK1"	"M3"
"CACNA2D3"	"M2"
"ZNF730"	"M5"
"CCDC8"	"M3"
"PLVAP"	"M1"
"SHISA9"	"M2"
"PPARGC1A"	"M4"
"GSG1"	"M1"
"VSTM2L"	"M1"
"SSPO"	"M1"
"DCDC1"	"M4"
"THSD7B"	"M7"
"DAPK2"	"M2"
"ADCY8"	"M9"
"BARHL2"	"M4"
"ABCG4"	"M1"
"PID1"	"M3"
"HOXA10"	"Not.Correlated"
"CNTN5"	"M4"
"NGEF"	"M4"
"LRIT1"	"M1"
"FNDC1"	"M7"
"FGF9"	"M5"
"LIN28B"	"M8"
"RASD2"	"M4"
"SIM1"	"M8"
"SORCS3"	"M4"
"FRMPD2"	"M1"
"HMX1"	"M4"
"SPHK1"	"M7"
"SLC1A6"	"M5"
"VGLL3"	"M7"
"DLX3"	"M1"
"C8orf46"	"M2"
"LGI1"	"M2"
"APLN"	"M2"
"MYOZ3"	"M3"
"NPNT"	"M1"
"MFSD4A"	"M1"
"SLITRK2"	"M9"
"ARHGEF28"	"M1"
"ADAMTS6"	"M7"
"GLDC"	"M4"
"CPS1"	"M3"
"AGTR1"	"M2"
"HAPLN1"	"M2"
"GCK"	"M4"
"KCNJ9"	"M4"
"SLC6A5"	"M2"
"SRPX2"	"M7"
"COL26A1"	"M2"
"NIM1K"	"M8"
"ACOT11"	"M1"
"AQP3"	"M1"
"COL23A1"	"M1"
"AQP5"	"M2"
"POU4F2"	"M8"
"MYH14"	"M6"
"ELFN1"	"M7"
"ALDH1A1"	"M9"
"NKAIN4"	"M9"
"SYN3"	"M9"
"CDH7"	"M4"
"CDH10"	"M5"
"ZFY"	"Not.Correlated"
"KIF19"	"M3"
"IGF2BP1"	"Not.Correlated"
"TMEM255A"	"M2"
"HCN4"	"M5"
"ATOH7"	"M2"
"RIMBP2"	"M1"
"NTRK1"	"M3"
"CNPY1"	"M5"
"IRX3"	"M4"
"HOXA9"	"Not.Correlated"
"NR2E3"	"M1"
"COL21A1"	"M7"
"CACNA1I"	"M6"
"LHX9"	"Not.Correlated"
"FIGN"	"M1"
"MYL1"	"M1"
"SYNPR"	"M5"
"SLC10A4"	"M2"
"IRX1"	"M9"
"DENND2C"	"M8"
"CRACR2B"	"M3"
"CACNB2"	"M1"
"BTBD17"	"M4"
"FAM43B"	"M5"
"AKR1C2"	"M2"
"RXRG"	"M1"
"DLGAP2"	"M1"
"IFITM10"	"M4"
"IRX6"	"M1"
"ZNF804B"	"M1"
"KCNT1"	"M6"
"CLDN1"	"M3"
"KLF8"	"M2"
"CCDC177"	"M1"
"LYPD1"	"M6"
"OLFML2B"	"M7"
"TUBA4A"	"M1"
"EPHA10"	"M1"
"STC1"	"M1"
"MYRF"	"M4"
"ZNF385C"	"M4"
"KRT31"	"M9"
"ZFR2"	"M2"
"ADAMTS18"	"M2"
"SORCS1"	"M4"
"FGFR3"	"M6"
"SYBU"	"M9"
"CXCL14"	"M2"
"TEX14"	"M1"
"SPX"	"M6"
"PANX2"	"M2"
"EPPK1"	"M1"
"SPATC1L"	"M3"
"POTEF"	"M1"
"MYBPH"	"M3"
"SEC14L5"	"M1"
"DIRAS3"	"M2"
"ABCD2"	"M4"
"RGS6"	"M9"
"KNDC1"	"M6"
"CASQ2"	"M7"
"RGS8"	"M4"
"TMEM163"	"M5"
"CLYBL"	"M3"
"MPP4"	"M1"
"RASGRP1"	"M4"
"GLDN"	"M1"
"F8A3"	"M2"
"KLRD1"	"M8"
"EPHA5"	"M2"
"ST6GALNAC5"	"M3"
"TNNT2"	"M1"
"ALDH1L1"	"M6"
"CPAMD8"	"M3"
"IRX2"	"M9"
"PDE6A"	"M1"
"OLIG2"	"M6"
"KRT222"	"M8"
"PRCD"	"M1"
"PRKG2"	"M1"
"TCF7L1"	"M3"
"FGFR4"	"M3"
"CBLN2"	"Not.Correlated"
"GRM5"	"M2"
"FOXA1"	"M1"
"KCNK2"	"M2"
"BMP4"	"M3"
"MMP17"	"M4"
"KRT18"	"M5"
"WFDC1"	"M1"
"SLITRK4"	"M2"
"LRFN2"	"M9"
"SERINC2"	"M4"
"TFAP2A"	"M3"
"HS3ST3B1"	"M3"
"MMP9"	"M7"
"FOXE3"	"M8"
"B3GALT2"	"M9"
"BRINP2"	"M2"
"CRABP1"	"M5"
"HS3ST1"	"M6"
"CABP5"	"M1"
"DLX5"	"M2"
"SCN2B"	"M5"
"STC2"	"M1"
"GALNT12"	"M3"
"CNGB1"	"M1"
"SMIM24"	"M1"
"CES4A"	"M2"
"HTR2C"	"M2"
"LOXL4"	"M7"
"TPBGL"	"M4"
"SYDE2"	"M8"
"STRA6"	"M1"
"MYLPF"	"M4"
"ITGA8"	"M7"
"IQCA1"	"M4"
"ESR2"	"M9"
"PRELID2"	"M3"
"ANKRD65"	"M3"
"HOXC10"	"M8"
"SPTLC3"	"M3"
"SPAG6"	"M2"
"ALX4"	"M7"
"RNF212"	"M5"
"GRK1"	"M1"
"CHRM2"	"M2"
"POU4F1"	"Not.Correlated"
"PLPP4"	"M5"
"ETV4"	"M3"
"SBK2"	"M8"
"LURAP1L"	"M4"
"MYBPC1"	"M6"
"TOM1L1"	"M3"
"SYNGR3"	"M4"
"AJUBA"	"M3"
"CPLX4"	"M1"
"SYT12"	"M5"
"MYO18B"	"M3"
"NAP1L2"	"M5"
"CACNA1S"	"M1"
"ARHGAP36"	"M2"
"BMP5"	"M7"
"RTP5"	"M4"
"SIK1"	"M3"
"GNGT2"	"M1"
"NELL1"	"M2"
"PRIMA1"	"M4"
"CLIC6"	"M2"
"COL13A1"	"M4"
"GPR83"	"M8"
"COL19A1"	"M2"
"ADAMTS12"	"M3"
"GPRIN2"	"M5"
"GFRA2"	"M5"
"FAP"	"M3"
"MYB"	"M2"
"TEX15"	"M9"
"PROKR2"	"M8"
"KCNH5"	"M2"
"DCLK3"	"M2"
"CCBE1"	"M3"
"TMEM200A"	"Not.Correlated"
"TSHR"	"M4"
"OPRD1"	"M3"
"RTN4RL1"	"M1"
"RGS16"	"M3"
"RP1L1"	"M1"
"PNPLA3"	"M1"
"HMCN2"	"M2"
"GPR179"	"M1"
"EMX1"	"M2"
"ADORA1"	"M6"
"RRAD"	"M3"
"MYOD1"	"M1"
"KCNT2"	"M7"
"CARMIL2"	"M1"
"SCN1A"	"M6"
"ESM1"	"M1"
"KCNIP3"	"M5"
"INSRR"	"M4"
"HOXC4"	"M1"
"FOXF1"	"M3"
"S100A9"	"Not.Correlated"
"GABRR3"	"M1"
"HCAR1"	"M7"
"PRRT4"	"M2"
"SFRP2"	"M7"
"CBSL"	"M3"
"COL4A6"	"M3"
"PAQR9"	"M8"
"SPRN"	"M5"
"NPIPA5"	"Not.Correlated"
"GDF10"	"M7"
"SYT9"	"M6"
"KIF12"	"M1"
"ZNF488"	"M4"
"CNTN3"	"M1"
"GHR"	"M8"
"SYNPO2L"	"M3"
"MTUS2"	"M5"
"LBX1"	"M2"
"SGPP2"	"M6"
"COL8A2"	"M3"
"NOTUM"	"M1"
"NRG2"	"M2"
"F12"	"M3"
"MYL4"	"M1"
"KLHL4"	"M3"
"RGS9"	"M4"
"MYH7B"	"M1"
"ACSBG1"	"M6"
"LRAT"	"M2"
"FEZF2"	"M8"
"FAM156B"	"Not.Correlated"
"SP9"	"M1"
"ZBED6CL"	"M1"
"KRT19"	"M9"
"ZDHHC11B"	"M9"
"CNTNAP4"	"M4"
"TOP1MT"	"M3"
"THRB"	"M3"
"NEUROD6"	"M4"
"MYH15"	"M1"
"NEUROG2"	"M4"
"MATK"	"M1"
"SLC22A15"	"M9"
"MTMR7"	"M4"
"AANAT"	"M1"
"BVES"	"M7"
"DDIT4L"	"M6"
"ESPNL"	"M3"
"DMRTA1"	"M4"
"HLA-DRB5"	"M7"
"SLC30A3"	"M2"
"F5"	"M6"
"RGPD2"	"Not.Correlated"
"WNT11"	"M3"
"TFAP2D"	"M2"
"GAL3ST3"	"M4"
"DCAF12L2"	"M2"
"ENTPD2"	"M9"
"EGR3"	"M7"
"PDGFD"	"M3"
"RSPO1"	"M1"
"VWC2"	"M6"
"FEV"	"M1"
"GPC3"	"M7"
"HAP1"	"M9"
"SYNDIG1L"	"M2"
"PPP1R14C"	"M5"
"GMNC"	"M2"
"TNNT3"	"M7"
"TRPC3"	"M5"
"MYOM3"	"M1"
"FSIP2"	"M8"
"SP6"	"M1"
"GPX8"	"M3"
"ARHGDIG"	"M4"
"DMBX1"	"M1"
"RARB"	"M3"
"CLEC2L"	"M2"
"GPR88"	"M2"
"TMEM144"	"M9"
"KBTBD12"	"M2"
"SLC6A4"	"M2"
"GPR62"	"M1"
"CHRNA1"	"M9"
"KIRREL2"	"M1"
"BCAS1"	"M6"
"WNT4"	"M7"
"QRFPR"	"M7"
"SPOCK3"	"M6"
"LRRTM3"	"M5"
"SYT5"	"M5"
"VCAM1"	"M7"
"JPH1"	"M3"
"OCA2"	"M1"
"TTC9B"	"M4"
"GABRA3"	"M4"
"KCNA3"	"M4"
"ECEL1"	"M3"
"CDH13"	"M5"
"CDC42BPG"	"M4"
"KLHL14"	"Not.Correlated"
"HOXA5"	"Not.Correlated"
"SDC1"	"M4"
"GRM7"	"M2"
"SYCP1"	"M8"
"RFX4"	"M6"
"LRRTM1"	"M4"
"EGR2"	"M7"
"MYOCD"	"M7"
"RPRML"	"M2"
"KCTD8"	"M2"
"GULP1"	"M3"
"MYL2"	"M3"
"TWIST2"	"M3"
"PCDH15"	"M1"
"BNC1"	"M4"
"PABPC5"	"M9"
"GPD1"	"M5"
"TMEM196"	"M1"
"C11orf63"	"M5"
"EXOC3L1"	"M3"
"CPNE9"	"M4"
"ZNF679"	"M8"
"TVP23A"	"M4"
"SPTBN5"	"M1"
"CHST6"	"M6"
"EDN3"	"M3"
"LGI2"	"M4"
"GSTM1"	"Not.Correlated"
"OLIG3"	"Not.Correlated"
"RND1"	"M2"
"CDH8"	"M1"
"SCN9A"	"M2"
"ACSF2"	"M3"
"SYCP2L"	"M8"
"GABRA6"	"M6"
"VWA5B2"	"M4"
"PTX3"	"M4"
"GABRB1"	"M5"
"ADAMTS14"	"M3"
"ESRRB"	"M3"
"PPP1R17"	"M9"
"GNGT1"	"M1"
"TRABD2A"	"M3"
"RTBDN"	"M1"
"CRLF1"	"M3"
"DKK4"	"M1"
"STK32B"	"M3"
"MOCOS"	"M5"
"GABRG1"	"M6"
"CXorf57"	"M5"
"MPP7"	"M1"
"PLD5"	"M6"
"ELMOD1"	"M6"
"IFNLR1"	"M6"
"FAM196A"	"M4"
"KCP"	"M4"
"EVC2"	"M3"
"CALB1"	"M6"
"PDC"	"M1"
"PNMT"	"M1"
"ASPN"	"M7"
"HS3ST5"	"M7"
"SLC7A2"	"M6"
"KCNJ16"	"M6"
"IGF2BP2"	"M5"
"CACNG3"	"M2"
"KCNK9"	"M4"
"GPR61"	"M1"
"COL4A3"	"M1"
"IGSF1"	"M2"
"FAM189A1"	"M5"
"PKIB"	"M5"
"HOXB3"	"M7"
"CPED1"	"M7"
"AQP6"	"M2"
"COL9A3"	"M3"
"HS3ST4"	"M5"
"HSPA6"	"M7"
"HOXC9"	"M8"
"CHRND"	"M3"
"GABRR2"	"M1"
"IMPG1"	"M1"
"PI16"	"M7"
"NWD1"	"M6"
"NETO1"	"M5"
"DDN"	"M2"
"TRIM72"	"M6"
"NDST4"	"M4"
"PDE6H"	"M1"
"GRM6"	"M1"
"KCNG1"	"M9"
"TRPV4"	"M2"
"MYO7B"	"M7"
"MAMDC2"	"M7"
"HRH3"	"M5"
"POTEE"	"M1"
"RGS9BP"	"M1"
"CPZ"	"M7"
"ZDHHC11"	"M4"
"CTNNA3"	"M6"
"CA8"	"M6"
"C1QL3"	"M1"
"HES5"	"M6"
"KCNS2"	"M2"
"WNT7A"	"M2"
"PTGER2"	"M8"
"TMEM266"	"M2"
"KCNK10"	"M5"
"CREB3L1"	"M7"
"XIRP1"	"M9"
"KCNG4"	"M1"
"PRDM13"	"M7"
"LPAR4"	"M2"
"SYT3"	"M5"
"RASSF9"	"M3"
"NAT16"	"M2"
"NNMT"	"M7"
"EN1"	"M3"
"LY6H"	"M6"
"CCDC169"	"M9"
"ONECUT1"	"M7"
"FOXL2"	"M3"
"KCNH3"	"M4"
"PTGS2"	"M8"
"MCUB"	"M3"
"GPR63"	"M4"
"TFPI2"	"M7"
"EIF1AY"	"Not.Correlated"
"FAM131C"	"M5"
"FOXA2"	"M2"
"PHF24"	"M5"
"PITX1"	"M1"
"PAPLN"	"M7"
"ESYT3"	"M1"
"SLC26A7"	"M1"
"DMRTA2"	"M8"
"TBX21"	"M8"
"LCNL1"	"M3"
"CDH1"	"M2"
"ABO"	"M2"
"TFAP2B"	"M6"
"JAKMIP3"	"M5"
"B3GAT2"	"M6"
"DSC3"	"M1"
"PITX2"	"M3"
"PCOLCE2"	"M1"
"PRR35"	"M9"
"NPY1R"	"M2"
"DCHS2"	"M4"
"DPP10"	"M6"
"XKR9"	"M8"
"LIX1"	"M6"
"SIAH3"	"M4"
"PPP1R14A"	"M7"
"MYO3B"	"M1"
"COX6B2"	"M1"
"ANO4"	"M2"
"ANKRD30B"	"M2"
"CCER2"	"M3"
"DUOX1"	"M4"
"ZNF99"	"M5"
"PACSIN3"	"M3"
"NKX2-2"	"M6"
"MASP1"	"M6"
"STON1-GTF2A1L"	"M6"
"NRK"	"M9"
"TMEM100"	"M3"
"HOXC13"	"M2"
"UBXN10"	"M2"
"GRID2IP"	"M5"
"LHX3"	"M1"
"SLCO1A2"	"M6"
"ENPP6"	"M3"
"HOXD13"	"M1"
"RIT2"	"M5"
"PVALB"	"M9"
"EDARADD"	"M3"
"FGF5"	"M5"
"ADAMTS15"	"M7"
"SLC4A11"	"M4"
"LRRTM4"	"M1"
"TLX3"	"M9"
"KLHL32"	"M5"
"TMEM132D"	"M4"
"CARNS1"	"M6"
"LMX1B"	"Not.Correlated"
"MAG"	"M6"
"FAM83G"	"M3"
"CILP2"	"M3"
"TYRP1"	"M8"
"BHMT"	"M1"
"GPR15"	"Not.Correlated"
"RPL39L"	"M2"
"CCDC36"	"M3"
"WNT7B"	"M4"
"CA12"	"M6"
"TNN"	"M7"
"TNNI2"	"M3"
"HAPLN4"	"M4"
"DLX4"	"M1"
"LHFPL3"	"M4"
"PRDM12"	"M8"
"LIPG"	"M6"
"SCARA5"	"M3"
"HS3ST2"	"M2"
"SOWAHA"	"M2"
"LRTM2"	"M2"
"SLC29A2"	"M3"
"VWDE"	"M3"
"ASIC4"	"M1"
"ACADL"	"M8"
"LRRC3B"	"M6"
"DNAH17"	"M3"
"CDKN2A"	"M2"
"CNNM1"	"M2"
"ZC3H12B"	"M4"
"HOXA3"	"M7"
"DBX1"	"M1"
"HS6ST3"	"M6"
"MROH7"	"M1"
"NCMAP"	"M1"
"FAM153B"	"M6"
"RERG"	"M1"
"MUSTN1"	"M3"
"C2orf72"	"M6"
"MYOT"	"M1"
"BHMT2"	"M1"
"VSX2"	"M1"
"CNGA1"	"M1"
"MEIOC"	"M2"
"FXYD1"	"M3"
"AMHR2"	"M1"
"INMT"	"M7"
"ETNPPL"	"M6"
"ADRA1A"	"M9"
"HIST1H4K"	"Not.Correlated"
"AGBL1"	"M1"
"KLHL1"	"M6"
"PTPN20"	"M2"
"CPXM2"	"M6"
"CLUL1"	"M1"
"SPINT1"	"M6"
"BEX5"	"M5"
"SCN7A"	"M7"
"USP43"	"M4"
"BMPER"	"M6"
"C8orf88"	"M3"
"HMGCLL1"	"M5"
"TAC3"	"M3"
"ACAN"	"M7"
"MEOX2"	"M3"
"MTRNR2L8"	"Not.Correlated"
"PAX7"	"M6"
"MAGEA3"	"M1"
"MUC5B"	"M1"
"HOXD9"	"M1"
"SLN"	"M6"
"NPW"	"M1"
"STAC2"	"M2"
"BCO1"	"M1"
"HOXA6"	"Not.Correlated"
"CYP39A1"	"M3"
"HS3ST3A1"	"M3"
"NMU"	"M4"
"PALM2"	"M4"
"HOXC12"	"M2"
"HAS2"	"M3"
"KLF1"	"M2"
"TBX5"	"M2"
"HOXC6"	"M1"
"CEACAM21"	"M8"
"PROKR1"	"M1"
"NKAPL"	"M2"
"LHX6"	"M7"
"ZNF676"	"M5"
"HOXD8"	"M1"
"PPBP"	"Not.Correlated"
"ESPN"	"M2"
"LRRIQ1"	"M8"
"ERMN"	"M6"
"MSX2"	"M6"
"SOSTDC1"	"M3"
"CHRNB4"	"M9"
"SCUBE1"	"M3"
"EFCAB5"	"M2"
"CCIN"	"M1"
"CLCF1"	"M2"
"NAALAD2"	"M7"
"LYVE1"	"M7"
"CLEC4F"	"M2"
"ETV3L"	"M1"
"KANK4"	"M3"
"MTRNR2L12"	"Not.Correlated"
"VRK2"	"M3"
"CACNG5"	"M1"
"GLB1L3"	"M2"
"BEND4"	"M2"
"BMP8B"	"M3"
"CBLN4"	"M2"
"CAMK1G"	"M5"
"APCDD1L"	"M1"
"ADAMTS16"	"M6"
"INHBA"	"M7"
"HTR5A"	"M2"
"NECAB2"	"M4"
"MAGEA2"	"M1"
"HOXD10"	"M1"
"AGXT"	"M3"
"SGCA"	"M3"
"MUC16"	"M1"
"RGR"	"M3"
"GPAT2"	"M2"
"HS6ST2"	"M4"
"ADGRG2"	"M3"
"DOK7"	"M4"
"PLPP2"	"M6"
"SLC7A3"	"M5"
"P2RX6"	"M1"
"SLC35D3"	"M4"
"RAB37"	"M6"
"NLRP11"	"M2"
"AIFM3"	"M6"
"PKP1"	"M1"
"OMD"	"M7"
"SHISA2"	"M3"
"CDH12"	"M8"
"SHISA7"	"M5"
"PCP4"	"M6"
"DAND5"	"M1"
"DAO"	"M6"
"MSC"	"M7"
"SOX3"	"M6"
"ADAMTS17"	"M5"
"KCNV2"	"M1"
"ACTG2"	"M7"
"PRODH"	"M6"
"ATP10B"	"M6"
"CALCB"	"M9"
"TACR3"	"M8"
"WDR72"	"M3"
"TUNAR"	"M5"
"HRASLS5"	"M4"
"TCEAL6"	"M5"
"CABP1"	"M9"
"TSPAN2"	"M2"
"C5orf38"	"M9"
"POTEI"	"M1"
"PENK"	"M2"
"MYOZ2"	"M9"
"ATP6V1C2"	"M1"
"CCDC152"	"M3"
"SMYD1"	"M8"
"FOXL2NB"	"M3"
"AP1M2"	"Not.Correlated"
"HOXA11"	"M2"
"CRTAM"	"M9"
"HOXB13"	"M8"
"PDZRN4"	"M4"
"SCRG1"	"M6"
"TINCR"	"M8"
"STK26"	"M7"
"LHCGR"	"M3"
"STEAP4"	"M7"
"ASCL2"	"M3"
"JAKMIP1"	"M4"
"NRTN"	"M1"
"USH1G"	"M2"
"SCGN"	"M9"
"ALDH1A2"	"M7"
"HES2"	"M2"
"LGI3"	"M6"
"WNK4"	"M3"
"SAMD7"	"M1"
"TRIM17"	"M4"
"MAGEA6"	"M1"
"DSCR8"	"M1"
"SLC2A12"	"M9"
"PCP4L1"	"M1"
"DPEP1"	"M8"
"ADM2"	"M3"
"DRGX"	"M4"
"GPR17"	"M6"
"KCNJ4"	"M4"
"F10"	"M3"
"OSR2"	"M3"
"GJA3"	"M1"
"ARMC4"	"M3"
"SALL4"	"M3"
"LRRC53"	"M1"
"EVPL"	"M1"
"TOX2"	"M5"
"SCNN1G"	"M5"
"C7orf33"	"M8"
"SLC22A8"	"M1"
"ATP2C2"	"M4"
"FUT1"	"M3"
"GUCA1A"	"M1"
"SCN4A"	"M3"
"KCNH4"	"M4"
"FABP3"	"M3"
"ZNF257"	"M5"
"SCNN1B"	"M5"
"ANKRD35"	"M9"
"MRLN"	"M4"
"TP53TG3D"	"M2"
"EGR4"	"M4"
"SOX1"	"M9"
"RASSF10"	"M1"
"PKHD1"	"M1"
"NGB"	"M5"
"GPC5"	"M1"
"SLC39A12"	"M6"
"GCNT4"	"M8"
"S100A8"	"Not.Correlated"
"SHISA8"	"M6"
"ZNF541"	"M2"
"NKAIN2"	"M6"
"CHRNG"	"M3"
"CCDC175"	"M2"
"CNDP1"	"M6"
"SLC22A31"	"M5"
"GLS2"	"M5"
"GALR1"	"M1"
"CDRT4"	"M1"
"DACH2"	"M7"
"TUBB1"	"Not.Correlated"
"HAPLN2"	"M6"
"FAM153A"	"M6"
"SPOCD1"	"M1"
"UNC45B"	"Not.Correlated"
"C10orf71"	"M3"
"NPFFR1"	"M4"
"PTER"	"M3"
"MAGEC1"	"M1"
"PODNL1"	"M3"
"SLC47A1"	"M3"
"CEACAM19"	"M3"
"MAPK15"	"Not.Correlated"
"FAM133A"	"M1"
"MARCH11"	"M2"
"MAFA"	"M3"
"PTPRH"	"M3"
"HIST2H3PS2"	"M2"
"FAM160A1"	"M1"
"CAV3"	"M1"
"OTOF"	"M4"
"MLXIPL"	"M6"
"RAPSN"	"M3"
"HOXD4"	"M1"
"SLC44A3"	"M9"
"TXLNB"	"M4"
"OPTC"	"M3"
"DKK1"	"M1"
"HOXA4"	"Not.Correlated"
"CFAP77"	"M8"
"TERT"	"M1"
"MCTP2"	"M3"
"NPIPA8"	"M4"
"GDNF"	"M3"
"COL20A1"	"M1"
"GPR160"	"M1"
"TBC1D3C"	"Not.Correlated"
"TAL2"	"M1"
"CHRNE"	"M3"
"NKX6-2"	"M6"
"HTR2A"	"M6"
"CRYM"	"M5"
"FCER2"	"M1"
"ADGRA1"	"M9"
"TNFRSF11B"	"M3"
"S100A1"	"M6"
"RET"	"M9"
"ABHD12B"	"M6"
"HIST1H1A"	"Not.Correlated"
"ABCC6"	"M1"
"CHI3L2"	"M6"
"NPIPB15"	"Not.Correlated"
"WNT9A"	"M3"
"ASCL1"	"M6"
"WBP2NL"	"M8"
"TTC6"	"M1"
"NPAS4"	"M7"
"SRD5A2"	"M3"
"RHOH"	"M8"
"FAM153C"	"M6"
"LMOD2"	"M1"
"CER1"	"M2"
"LACTBL1"	"M1"
"SRPK3"	"M1"
"HMGA2"	"M7"
"NGF"	"M3"
"EFNA2"	"M9"
"GAD2"	"M6"
"ZRSR1"	"M8"
"KLHDC7A"	"M8"
"ZNF215"	"M8"
"MTMR8"	"M4"
"ZYG11A"	"Not.Correlated"
"FGF8"	"M1"
"FST"	"M3"
"MYPN"	"M6"
"KDELR3"	"M7"
"GPR143"	"M4"
"RXFP3"	"M3"
"GATA6"	"M7"
"LEFTY2"	"M3"
"MUC4"	"M3"
"MOG"	"M6"
"SLC17A8"	"M3"
"ZNF560"	"Not.Correlated"
"CR1"	"M7"
"USP6"	"M8"
"WNT10A"	"M1"
"PDZK1"	"M4"
"MYOZ1"	"M3"
"CYB5R2"	"M3"
"MCHR1"	"M1"
"FAM163A"	"M5"
"ASPG"	"M1"
"DLX6"	"Not.Correlated"
"CNN1"	"M7"
"LINGO3"	"M4"
"CAMK2A"	"M6"
"ZNF98"	"M5"
"CCDC155"	"M1"
"TMEM215"	"Not.Correlated"
"TMEM265"	"M5"
"RASAL1"	"M2"
"EFNA4"	"M3"
"BEAN1"	"M4"
"C8orf34"	"M1"
"TNFRSF9"	"M5"
"STAT4"	"M3"
"ANKRD18B"	"M5"
"SLC17A9"	"M3"
"FMO2"	"M7"
"RSPO4"	"M3"
"VAX1"	"M7"
"C14orf39"	"M8"
"GJA5"	"M7"
"SLC16A12"	"M7"
"IL20RA"	"M4"
"OR2W3"	"M8"
"SLC6A7"	"M5"
"MAGEE2"	"M2"
"FAM69C"	"M6"
"HOXB2"	"M7"
"GPA33"	"M8"
"ZNF208"	"M5"
"RNF175"	"M5"
"C6orf132"	"M2"
"CCDC144NL"	"M2"
"TMPRSS9"	"M3"
"HOXD11"	"M1"
"FUT3"	"M1"
"MME"	"M7"
"CCDC129"	"M6"
"DAPL1"	"M3"
"ADRB1"	"M4"
"PRKCG"	"M6"
"ANGPTL7"	"M2"
"SALL3"	"M6"
"L1TD1"	"Not.Correlated"
"TRIM7"	"M5"
"PIP5K1B"	"M6"
"PLSCR5"	"M1"
"EVX2"	"M1"
"NUTM2E"	"M5"
"OMG"	"M6"
"KCNK17"	"M4"
"OPRM1"	"M9"
"CACNG8"	"M6"
"NTSR1"	"M3"
"SMTNL2"	"M2"
"ALX1"	"M8"
"CHAD"	"M6"
"GSTT2B"	"M1"
"OTOG"	"M2"
"EIF4E1B"	"M4"
"FOXC2"	"M7"
"SOX21"	"M6"
"MAGEC2"	"M1"
"HBG2"	"M7"
"SERPINA5"	"M1"
"NIPAL1"	"M1"
"TMEM235"	"M4"
"RPL3L"	"M1"
"ASCL4"	"M1"
"GBX2"	"M9"
"C2CD4C"	"M1"
"HOXA13"	"M1"
"SLC14A1"	"M9"
"CFAP74"	"M1"
"FCGR3B"	"Not.Correlated"
"KBTBD11-OT1"	"M3"
"MYBPC2"	"M3"
"KCNA4"	"M4"
"ISM1"	"M6"
"MB"	"M6"
"AKAIN1"	"M4"
"HOXC8"	"M1"
"SLC25A48"	"M8"
"RGPD1"	"M1"
"GNG13"	"M1"
"IKZF3"	"M7"
"NPAS1"	"M1"
"RS1"	"M1"
"MYO3A"	"M3"
"TNK1"	"M1"
"UPB1"	"M1"
"ANKRD18A"	"M9"
"TH"	"M1"
"TMC3"	"M2"
"RDH12"	"M1"
"DMKN"	"M3"
"CXCR2"	"Not.Correlated"
"GABRA4"	"M6"
"ICAM5"	"M5"
"TMSB4Y"	"M2"
"CLDN19"	"M1"
"ANKRD20A4"	"M8"
"FAM110C"	"M2"
"SLC27A6"	"M1"
"GALNTL6"	"M9"
"PLIN5"	"M5"
"GOLGA8K"	"M3"
"PLGLB2"	"M4"
"KRT14"	"M3"
"GOLGA8H"	"M3"
"PLIN4"	"M5"
"LMO1"	"M1"
"CMTM5"	"M4"
"NEK5"	"M8"
"TBC1D3D"	"Not.Correlated"
"TMEM114"	"M8"
"NKX2-5"	"M4"
"CFAP47"	"M8"
"MAGEA2B"	"M1"
"CHIT1"	"M6"
"COX6A2"	"M5"
"CYP2W1"	"M1"
"TSPEAR"	"M8"
"SLC18A3"	"M4"
"SLC6A20"	"M3"
"ANKRD1"	"M7"
"DPP4"	"M3"
"TRABD2B"	"M7"
"IL18R1"	"M7"
"CDC42EP5"	"M7"
"OSR1"	"M7"
"CSAG3"	"M1"
"CYP11A1"	"M4"
"CABP2"	"M1"
"CD28"	"M7"
"FAM196B"	"M6"
"TMEM74B"	"M2"
"BSX"	"M2"
"TRIM54"	"M3"
"SOHLH2"	"M9"
"ARSI"	"M3"
"FGF20"	"M4"
"TMC2"	"M2"
"SPINK5"	"M1"
"HTR1B"	"M1"
"CHST9"	"M9"
"HHATL"	"M6"
"OTOR"	"M2"
"HCRTR1"	"M2"
"MAGEA12"	"M1"
"BSPRY"	"M1"
"C11orf70"	"M3"
"KLHL40"	"M5"
"FHAD1"	"M3"
"ATAD3C"	"M3"
"ST6GALNAC2"	"M1"
"GPR78"	"M7"
"MALRD1"	"M1"
"PCDH20"	"M6"
"ISL2"	"M4"
"NKX3-2"	"M1"
"F2RL2"	"M7"
"ABCC12"	"M2"
"NOX5"	"Not.Correlated"
"CABP4"	"M3"
"STAC"	"M5"
"USH1C"	"M6"
"DDX43"	"Not.Correlated"
"VSX1"	"M6"
"CYP4F12"	"M6"
"ZNF729"	"M5"
